Starters,MIN,PTS,FG_Percentage,3PT_Percentage,FT_Percentage,REB,AST,STL,BLK,+/-,FG-shoot successful,FG-shooting numbers,3PT-successful,3PT-numbers,FT-successful,FT-numbers,Date,Opponent
P. Patterson,19,7,0.222,0.25,0.667,5,0,1,1,+3,2,9,1,4,2,3,2018-10-16,GoldenState
P. George,37,27,0.391,0.333,0.625,2,5,4,0,-16,9,23,4,12,5,8,2018-10-16,GoldenState
S. Adams,36,17,0.5,NaN,0.625,11,4,2,0,-6,6,12,0,0,5,8,2018-10-16,GoldenState
D. Schroder,34,21,0.368,0.333,0.833,8,6,3,1,-7,7,19,2,6,5,6,2018-10-16,GoldenState
T. Ferguson,27,0,0,0,NaN,4,1,0,0,+0,0,2,0,2,0,0,2018-10-16,GoldenState
N. Noel,12,3,0.5,NaN,0.5,7,1,1,1,-2,1,2,0,0,1,2,2018-10-16,GoldenState
J. Grant,29,7,0.286,0.25,0.5,2,2,0,3,-11,2,7,1,4,2,4,2018-10-16,GoldenState
R. Felton,14,6,0.2,0,0.8,3,1,0,0,-1,1,5,0,3,4,5,2018-10-16,GoldenState
H. Diallo,9,4,0.5,NaN,0,1,1,1,0,+5,2,4,0,0,0,1,2018-10-16,GoldenState
A. Abrines,23,8,0.375,0.333,NaN,2,0,0,0,-5,3,8,2,6,0,0,2018-10-16,GoldenState
P. Patterson,19,5,0.5,0.5,NaN,2,0,0,1,-9,2,4,1,2,0,0,2018-10-19,LA
P. George,38,20,0.259,0.273,1,8,4,2,0,-13,7,27,3,11,3,3,2018-10-19,LA
S. Adams,33,17,0.727,NaN,0.5,18,0,1,0,-16,8,11,0,0,1,2,2018-10-19,LA
D. Schroder,30,8,0.133,0,1,2,8,0,0,-18,2,15,0,3,4,4,2018-10-19,LA
T. Ferguson,17,4,0.167,0.167,0.5,0,0,0,0,-11,1,6,1,6,1,2,2018-10-19,LA
N. Noel,15,9,0.8,NaN,0.5,5,0,1,0,+0,4,5,0,0,1,2,2018-10-19,LA
J. Grant,28,4,0.25,0,0.5,8,2,0,2,-5,1,4,0,1,2,4,2018-10-19,LA
R. Felton,18,12,0.417,0,1,4,3,0,1,+2,5,12,0,3,2,2,2018-10-19,LA
H. Diallo,9,3,0,NaN,0.75,3,0,0,0,+1,0,1,0,0,3,4,2018-10-19,LA
A. Abrines,32,10,0.4,0.286,NaN,2,1,1,0,-9,4,10,2,7,0,0,2018-10-19,LA
D. Burton,1,0,NaN,NaN,NaN,0,0,0,0,-2,0,0,0,0,0,0,2018-10-19,LA
P. Patterson,13,4,0.167,0.167,1,2,0,1,1,-12,1,6,1,6,1,1,2018-10-21,Sacramento
P. George,33,29,0.556,0.333,1,6,2,3,0,-7,10,18,3,9,6,6,2018-10-21,Sacramento
S. Adams,34,10,0.429,NaN,0.5,14,0,2,3,-6,3,7,0,0,4,8,2018-10-21,Sacramento
R. Westbrook,35,32,0.565,0.167,0.455,12,8,0,0,-13,13,23,1,6,5,11,2018-10-21,Sacramento
T. Ferguson,19,2,0.143,0,NaN,2,0,1,0,-11,1,7,0,3,0,0,2018-10-21,Sacramento
N. Noel,13,6,1,NaN,NaN,5,0,0,2,-3,3,3,0,0,0,0,2018-10-21,Sacramento
J. Grant,28,7,0.25,0,0.5,3,1,1,2,-1,3,12,0,5,1,2,2018-10-21,Sacramento
D. Schroder,32,14,0.312,0.4,1,4,8,1,0,-5,5,16,2,5,2,2,2018-10-21,Sacramento
H. Diallo,21,11,0.714,0.5,NaN,1,2,2,0,+0,5,7,1,2,0,0,2018-10-21,Sacramento
A. Abrines,5,0,0,0,NaN,1,2,0,0,+5,0,1,0,1,0,0,2018-10-21,Sacramento
D. Burton,7,5,0.5,0.5,NaN,1,0,0,1,-2,2,4,1,2,0,0,2018-10-21,Sacramento
J. Grant,31,10,0.4,0.333,1,6,1,2,1,-5,4,10,1,3,1,1,2018-10-25,Boston
P. George,36,22,0.318,0.2,0.75,8,1,1,0,-16,7,22,2,10,6,8,2018-10-25,Boston
S. Adams,33,12,0.5,NaN,0.333,6,2,0,1,-2,5,10,0,0,2,6,2018-10-25,Boston
R. Westbrook,32,13,0.25,0,0.6,15,8,0,0,-5,5,20,0,5,3,5,2018-10-25,Boston
T. Ferguson,14,2,1,NaN,NaN,2,0,0,0,+6,1,1,0,0,0,0,2018-10-25,Boston
P. Patterson,17,7,0.6,0.5,NaN,7,0,0,0,-1,3,5,1,2,0,0,2018-10-25,Boston
N. Noel,15,7,0.75,NaN,0.5,4,0,0,1,-4,3,4,0,0,1,2,2018-10-25,Boston
D. Schroder,24,10,0.4,0.333,0.5,3,6,1,0,-12,4,10,1,3,1,2,2018-10-25,Boston
H. Diallo,20,6,0.429,NaN,NaN,5,0,1,3,+3,3,7,0,0,0,0,2018-10-25,Boston
A. Abrines,19,6,0.4,0.4,0,1,1,0,0,+6,2,5,2,5,0,1,2018-10-25,Boston
N. Noel,26,20,0.643,NaN,0.667,15,2,4,1,+19,9,14,0,0,2,3,2018-10-28,Phoenix
P. George,30,23,0.6,0.5,0.5,4,5,3,2,+17,9,15,4,8,1,2,2018-10-28,Phoenix
J. Grant,37,14,0.444,0.25,0.625,4,1,1,0,+14,4,9,1,4,5,8,2018-10-28,Phoenix
R. Westbrook,31,23,0.615,NaN,0.7,9,7,4,0,+8,8,13,0,0,7,10,2018-10-28,Phoenix
T. Ferguson,27,6,0.5,0,NaN,2,0,2,0,-8,3,6,0,2,0,0,2018-10-28,Phoenix
P. Patterson,30,17,0.6,0.4,0.75,4,0,0,0,-8,6,10,2,5,3,4,2018-10-28,Phoenix
A. Nader,2,0,NaN,NaN,NaN,0,0,0,0,-9,0,0,0,0,0,0,2018-10-28,Phoenix
D. Schroder,27,12,0.4,0,0.667,4,7,0,0,+15,4,10,0,1,4,6,2018-10-28,Phoenix
T. Luwawu,1,0,0,0,NaN,0,0,0,0,-5,0,1,0,1,0,0,2018-10-28,Phoenix
A. Abrines,24,2,0,0,1,1,0,2,0,-1,0,5,0,3,2,2,2018-10-28,Phoenix
D. Burton,5,0,0,NaN,NaN,0,0,0,0,-7,0,2,0,0,0,0,2018-10-28,Phoenix
P. George,34,32,0.5,0.6,0.786,12,4,0,2,+21,9,18,3,5,11,14,2018-10-30,LA
J. Grant,26,12,0.714,0.5,0.333,5,1,1,0,+18,5,7,1,2,1,3,2018-10-30,LA
S. Adams,38,18,0.533,NaN,0.5,10,2,3,1,+25,8,15,0,0,2,4,2018-10-30,LA
R. Westbrook,34,32,0.52,0.333,0.714,4,8,3,1,+18,13,25,1,3,5,7,2018-10-30,LA
T. Ferguson,26,2,1,NaN,NaN,0,1,1,1,+34,1,1,0,0,0,0,2018-10-30,LA
N. Noel,9,2,0.333,NaN,NaN,2,0,1,0,-5,1,3,0,0,0,0,2018-10-30,LA
P. Patterson,20,8,1,1,NaN,2,0,1,0,+1,3,3,2,2,0,0,2018-10-30,LA
A. Nader,2,0,0,NaN,NaN,0,0,1,0,-1,0,1,0,0,0,0,2018-10-30,LA
D. Schroder,25,15,0.462,0.333,1,2,3,0,0,-14,6,13,1,3,2,2,2018-10-30,LA
T. Luwawu,2,0,0,NaN,NaN,1,0,0,0,-2,0,1,0,0,0,0,2018-10-30,LA
H. Diallo,11,4,0.2,0,1,3,0,1,0,-4,1,5,0,1,2,2,2018-10-30,LA
A. Abrines,15,3,0.5,1,NaN,0,0,4,1,-1,1,2,1,1,0,0,2018-10-30,LA
P. George,39,11,0.2,0,0.75,10,3,4,3,+9,4,20,0,10,3,4,2018-11-01,Charlotte
J. Grant,25,10,0.429,0.333,0.75,6,1,0,2,-16,3,7,1,3,3,4,2018-11-01,Charlotte
S. Adams,34,5,0.2,NaN,0.75,12,0,3,3,+6,1,5,0,0,3,4,2018-11-01,Charlotte
R. Westbrook,37,29,0.5,0,0.714,8,10,3,0,+3,12,24,0,3,5,7,2018-11-01,Charlotte
T. Ferguson,18,0,0,0,NaN,1,1,0,0,-7,0,1,0,1,0,0,2018-11-01,Charlotte
N. Noel,9,4,1,NaN,NaN,2,0,1,1,-5,2,2,0,0,0,0,2018-11-01,Charlotte
P. Patterson,7,0,0,0,NaN,3,0,0,0,+2,0,3,0,3,0,0,2018-11-01,Charlotte
D. Schroder,30,21,0.467,0.333,0.625,3,5,1,0,+12,7,15,2,6,5,8,2018-11-01,Charlotte
H. Diallo,11,6,0.75,0,NaN,2,0,0,0,+0,3,4,0,1,0,0,2018-11-01,Charlotte
A. Abrines,30,25,0.6,0.5,1,2,0,0,0,+16,9,15,5,10,2,2,2018-11-01,Charlotte
P. George,29,17,0.5,0.667,1,4,7,2,0,+14,6,12,4,6,1,1,2018-11-02,Washington
J. Grant,34,22,0.818,0.667,0.667,4,4,3,0,+13,9,11,2,3,2,3,2018-11-02,Washington
S. Adams,23,15,0.857,NaN,0.75,3,1,0,1,+12,6,7,0,0,3,4,2018-11-02,Washington
R. Westbrook,26,23,0.625,0,0.75,3,12,4,0,+10,10,16,0,1,3,4,2018-11-02,Washington
T. Ferguson,17,9,0.6,0.6,NaN,1,2,0,0,-3,3,5,3,5,0,0,2018-11-02,Washington
N. Noel,17,9,1,NaN,0.833,7,0,1,1,+7,2,2,0,0,5,6,2018-11-02,Washington
P. Patterson,18,8,0.25,0.4,1,5,1,0,1,+19,2,8,2,5,2,2,2018-11-02,Washington
A. Nader,2,0,NaN,NaN,NaN,0,0,0,0,-3,0,0,0,0,0,0,2018-11-02,Washington
D. Schroder,27,16,0.545,0.667,1,6,5,2,0,+14,6,11,2,3,2,2,2018-11-02,Washington
T. Luwawu,2,0,0,0,NaN,0,0,0,0,-3,0,1,0,1,0,0,2018-11-02,Washington
H. Diallo,19,7,0.4,0,0.75,4,0,1,0,+8,2,5,0,1,3,4,2018-11-02,Washington
A. Abrines,24,8,0.375,0.286,NaN,1,2,0,2,+27,3,8,2,7,0,0,2018-11-02,Washington
P. George,37,23,0.353,0.4,1,6,8,4,0,+4,6,17,4,10,7,7,2018-11-05,NewOrleans
J. Grant,31,13,0.417,0,0.75,6,1,2,1,+9,5,12,0,3,3,4,2018-11-05,NewOrleans
S. Adams,37,18,0.75,NaN,0,8,1,1,1,+22,9,12,0,0,0,2,2018-11-05,NewOrleans
R. Westbrook,25,17,0.375,0,0.625,7,9,1,0,+11,6,16,0,2,5,8,2018-11-05,NewOrleans
T. Ferguson,14,5,0.667,0.5,NaN,0,0,2,0,+2,2,3,1,2,0,0,2018-11-05,NewOrleans
N. Noel,11,1,0,NaN,0.5,5,1,1,1,-16,0,2,0,0,1,2,2018-11-05,NewOrleans
P. Patterson,17,10,0.75,1,0.5,2,1,0,0,-3,3,4,3,3,1,2,2018-11-05,NewOrleans
R. Felton,3,2,0.333,0,NaN,0,0,1,0,-2,1,3,0,1,0,0,2018-11-05,NewOrleans
D. Schroder,24,22,0.562,0.333,1,3,2,1,0,-5,9,16,1,3,3,3,2018-11-05,NewOrleans
H. Diallo,11,4,0.5,0,0,0,0,2,0,+2,2,4,0,1,0,1,2018-11-05,NewOrleans
A. Abrines,30,7,0.5,0.5,1,4,3,0,0,+6,2,4,1,2,2,2,2018-11-05,NewOrleans
J. Grant,27,12,0.444,0.667,1,8,0,1,1,+14,4,9,2,3,2,2,2018-11-07,Cleveland
P. George,39,18,0.438,0.333,0.75,7,2,2,0,+12,7,16,1,3,3,4,2018-11-07,Cleveland
S. Adams,34,9,0.5,NaN,0.5,13,2,2,2,+20,3,6,0,0,3,6,2018-11-07,Cleveland
D. Schroder,34,28,0.579,0,0.75,7,0,1,1,+20,11,19,0,3,6,8,2018-11-07,Cleveland
T. Ferguson,22,4,0.333,0,1,1,2,0,0,-2,1,3,0,1,2,2,2018-11-07,Cleveland
P. Patterson,17,3,0.2,0.333,0,4,1,0,0,+0,1,5,1,3,0,2,2018-11-07,Cleveland
N. Noel,14,0,0,NaN,NaN,0,1,2,4,-11,0,1,0,0,0,0,2018-11-07,Cleveland
R. Felton,14,4,0.333,0,NaN,1,2,3,1,-11,2,6,0,2,0,0,2018-11-07,Cleveland
H. Diallo,13,8,0.429,0,1,3,0,1,0,-8,3,7,0,2,2,2,2018-11-07,Cleveland
A. Abrines,26,9,0.25,0.3,NaN,0,0,1,0,+11,3,12,3,10,0,0,2018-11-07,Cleveland
J. Grant,34,11,0.6,0.333,1,6,2,0,0,+25,3,5,1,3,4,4,2018-11-08,Houston
P. George,35,20,0.333,0.273,0.6,11,6,6,0,+35,7,21,3,11,3,5,2018-11-08,Houston
S. Adams,32,19,0.583,NaN,0.556,10,4,1,0,+22,7,12,0,0,5,9,2018-11-08,Houston
D. Schroder,34,14,0.5,0,1,6,5,1,0,+22,6,12,0,3,2,2,2018-11-08,Houston
T. Ferguson,30,14,0.5,0.444,NaN,4,0,1,1,+24,5,10,4,9,0,0,2018-11-08,Houston
P. Patterson,13,3,0.333,0.333,NaN,2,0,0,0,-4,1,3,1,3,0,0,2018-11-08,Houston
N. Noel,16,2,0,NaN,1,5,0,0,3,-4,0,1,0,0,2,2,2018-11-08,Houston
A. Nader,1,0,0,0,NaN,0,0,0,0,-3,0,1,0,1,0,0,2018-11-08,Houston
R. Felton,13,10,0.556,0,NaN,0,1,0,0,-1,5,9,0,3,0,0,2018-11-08,Houston
T. Luwawu,1,0,NaN,NaN,NaN,0,0,0,0,-3,0,0,0,0,0,0,2018-11-08,Houston
H. Diallo,12,5,0.5,0,0.5,4,0,0,0,-15,2,4,0,1,1,2,2018-11-08,Houston
A. Abrines,19,0,0,0,NaN,4,0,1,0,-8,0,3,0,3,0,0,2018-11-08,Houston
J. Grant,29,13,0.667,0.5,0.8,2,2,2,1,+3,4,6,1,2,4,5,2018-11-10,Dallas
P. George,38,20,0.381,0.333,0.5,13,6,2,0,+3,8,21,3,9,1,2,2018-11-10,Dallas
S. Adams,37,20,0.727,NaN,0.5,13,2,0,0,-2,8,11,0,0,4,8,2018-11-10,Dallas
D. Schroder,32,19,0.381,0.25,0.667,6,3,2,0,-1,8,21,1,4,2,3,2018-11-10,Dallas
T. Ferguson,25,2,0.143,0,NaN,4,0,1,0,-8,1,7,0,5,0,0,2018-11-10,Dallas
P. Patterson,15,5,0.333,0.25,NaN,3,0,0,0,-17,2,6,1,4,0,0,2018-11-10,Dallas
N. Noel,11,2,0.5,NaN,NaN,6,0,1,1,-13,1,2,0,0,0,0,2018-11-10,Dallas
A. Nader,2,2,1,NaN,NaN,0,0,1,0,-2,1,1,0,0,0,0,2018-11-10,Dallas
R. Felton,16,7,0.25,0.167,NaN,2,3,0,0,-14,3,12,1,6,0,0,2018-11-10,Dallas
T. Luwawu,2,0,0,NaN,NaN,0,0,0,0,-2,0,1,0,0,0,0,2018-11-10,Dallas
H. Diallo,7,0,0,NaN,NaN,2,1,0,0,-13,0,3,0,0,0,0,2018-11-10,Dallas
A. Abrines,26,6,0.333,0.5,NaN,2,0,0,0,-9,2,6,2,4,0,0,2018-11-10,Dallas
J. Grant,31,10,0.5,0.5,0.5,8,0,0,1,+22,4,8,1,2,1,2,2018-11-12,Phoenix
P. George,36,32,0.579,0.6,1,8,6,0,0,+21,11,19,6,10,4,4,2018-11-12,Phoenix
S. Adams,33,18,0.692,NaN,NaN,7,1,4,2,+23,9,13,0,0,0,0,2018-11-12,Phoenix
D. Schroder,36,20,0.316,1,1,5,9,4,0,+20,6,19,2,2,6,6,2018-11-12,Phoenix
T. Ferguson,26,5,0.286,0.333,NaN,3,0,0,1,+30,2,7,1,3,0,0,2018-11-12,Phoenix
P. Patterson,15,5,0.667,0.5,NaN,1,1,0,0,-2,2,3,1,2,0,0,2018-11-12,Phoenix
N. Noel,15,9,0.5,NaN,1,6,1,0,1,-6,3,6,0,0,3,3,2018-11-12,Phoenix
R. Felton,11,2,0.25,0,NaN,1,3,1,0,+0,1,4,0,1,0,0,2018-11-12,Phoenix
T. Luwawu,2,0,NaN,NaN,NaN,0,0,0,0,-3,0,0,0,0,0,0,2018-11-12,Phoenix
H. Diallo,14,9,0.429,0,1,1,0,1,0,-6,3,7,0,1,3,3,2018-11-12,Phoenix
D. Burton,2,0,NaN,NaN,NaN,0,0,0,0,-3,0,0,0,0,0,0,2018-11-12,Phoenix
A. Abrines,20,8,0.333,0.333,1,2,2,2,1,-11,2,6,2,6,2,2,2018-11-12,Phoenix
J. Grant,28,15,0.6,0.6,NaN,5,0,0,0,+9,6,10,3,5,0,0,2018-11-14,NewYork
P. George,29,35,0.591,0.455,1,7,5,2,1,+17,13,22,5,11,4,4,2018-11-14,NewYork
S. Adams,30,19,0.692,NaN,0.5,6,5,2,0,+25,9,13,0,0,1,2,2018-11-14,NewYork
D. Schroder,30,15,0.5,0.6,1,4,12,1,1,+30,5,10,3,5,2,2,2018-11-14,NewYork
T. Ferguson,32,7,0.429,0.25,NaN,6,3,0,0,+16,3,7,1,4,0,0,2018-11-14,NewYork
P. Patterson,18,5,0.5,NaN,0.5,2,1,1,0,+22,2,4,0,0,1,2,2018-11-14,NewYork
N. Noel,14,2,0.5,NaN,NaN,5,2,1,2,-4,1,2,0,0,0,0,2018-11-14,NewYork
A. Nader,3,4,0.667,NaN,NaN,3,0,0,1,+3,2,3,0,0,0,0,2018-11-14,NewYork
R. Felton,17,8,0.4,0.5,1,1,3,0,1,-9,2,5,2,4,2,2,2018-11-14,NewYork
T. Luwawu,1,0,NaN,NaN,NaN,0,0,0,0,+4,0,0,0,0,0,0,2018-11-14,NewYork
H. Diallo,19,11,0.455,1,NaN,4,0,2,0,+4,5,11,1,1,0,0,2018-11-14,NewYork
D. Burton,12,7,0.5,0.5,NaN,4,1,2,1,+5,3,6,1,2,0,0,2018-11-14,NewYork
A. Abrines,7,0,0,0,NaN,0,0,0,0,+3,0,2,0,1,0,0,2018-11-14,NewYork
J. Grant,32,14,0.571,0.5,0.714,6,3,0,2,+14,4,7,1,2,5,7,2018-11-17,Phoenix
P. George,40,32,0.409,0.3,1,11,2,3,3,+12,9,22,3,10,11,11,2018-11-17,Phoenix
S. Adams,37,26,0.733,NaN,0.8,10,0,1,0,-2,11,15,0,0,4,5,2018-11-17,Phoenix
D. Schroder,36,15,0.4,0.333,1,5,7,4,0,+9,6,15,1,3,2,2,2018-11-17,Phoenix
H. Diallo,19,1,0,NaN,0.5,4,1,0,0,+7,0,1,0,0,1,2,2018-11-17,Phoenix
P. Patterson,16,4,0.2,0.333,0.5,3,0,0,0,-4,1,5,1,3,1,2,2018-11-17,Phoenix
N. Noel,11,4,0.5,NaN,NaN,6,0,1,2,+12,2,4,0,0,0,0,2018-11-17,Phoenix
R. Felton,14,2,0.2,0,NaN,1,3,0,0,+1,1,5,0,2,0,0,2018-11-17,Phoenix
T. Luwawu,25,12,0.5,0.333,1,4,1,0,0,-4,4,8,1,3,3,3,2018-11-17,Phoenix
D. Burton,10,0,0,0,NaN,2,0,0,0,+5,0,3,0,1,0,0,2018-11-17,Phoenix
P. George,37,27,0.375,0.286,1,9,3,0,1,-5,9,24,4,14,5,5,2018-11-19,Sacramento
J. Grant,26,8,0.333,NaN,1,1,0,0,1,-21,3,9,0,0,2,2,2018-11-19,Sacramento
S. Adams,37,11,0.5,NaN,0.25,15,1,1,1,-1,5,10,0,0,1,4,2018-11-19,Sacramento
R. Westbrook,37,29,0.48,0.4,0.5,13,7,3,0,+4,12,25,4,10,1,2,2018-11-19,Sacramento
H. Diallo,22,18,1,1,1,1,1,2,0,+5,7,7,2,2,2,2,2018-11-19,Sacramento
P. Patterson,15,0,0,0,NaN,1,2,0,0,+1,0,5,0,5,0,0,2018-11-19,Sacramento
R. Felton,6,3,1,1,NaN,2,1,0,0,-3,1,1,1,1,0,0,2018-11-19,Sacramento
D. Schroder,29,6,0.176,0,NaN,5,5,1,0,-2,3,17,0,6,0,0,2018-11-19,Sacramento
T. Luwawu,24,11,0.625,0.333,0,5,2,1,0,+3,5,8,1,3,0,1,2018-11-19,Sacramento
D. Burton,7,0,0,NaN,NaN,1,0,0,0,-1,0,2,0,0,0,0,2018-11-19,Sacramento
P. George,35,25,0.435,0.364,0.333,9,5,2,0,+21,10,23,4,11,1,3,2018-11-21,GoldenState
J. Grant,34,14,0.6,0.333,0.333,11,1,2,1,+25,6,10,1,3,1,3,2018-11-21,GoldenState
S. Adams,33,20,0.643,NaN,1,11,2,2,0,+28,9,14,0,0,2,2,2018-11-21,GoldenState
R. Westbrook,33,11,0.333,0.2,0,11,13,2,1,+25,5,15,1,5,0,2,2018-11-21,GoldenState
T. Ferguson,6,0,NaN,NaN,NaN,0,0,0,0,+4,0,0,0,0,0,0,2018-11-21,GoldenState
N. Noel,15,4,0.667,NaN,NaN,3,0,0,2,+0,2,3,0,0,0,0,2018-11-21,GoldenState
P. Patterson,14,0,0,0,NaN,5,0,0,0,+3,0,3,0,2,0,0,2018-11-21,GoldenState
A. Nader,3,0,0,0,NaN,0,1,0,0,+3,0,1,0,1,0,0,2018-11-21,GoldenState
D. Schroder,28,32,0.632,0.833,1,4,4,1,0,+21,12,19,5,6,3,3,2018-11-21,GoldenState
T. Luwawu,18,8,0.333,0.4,NaN,1,0,1,0,+10,3,9,2,5,0,0,2018-11-21,GoldenState
H. Diallo,17,3,0.167,0,0.5,6,2,0,1,-3,1,6,0,2,1,2,2018-11-21,GoldenState
D. Burton,3,6,1,NaN,NaN,0,1,0,0,+3,3,3,0,0,0,0,2018-11-21,GoldenState
P. George,37,19,0.381,0.3,NaN,7,6,2,1,+13,8,21,3,10,0,0,2018-11-23,Charlotte
J. Grant,35,11,0.571,0.5,0.5,6,1,1,0,+10,4,7,2,4,1,2,2018-11-23,Charlotte
S. Adams,37,13,0.455,NaN,0.429,8,4,1,1,+13,5,11,0,0,3,7,2018-11-23,Charlotte
R. Westbrook,35,30,0.556,0.25,0.818,12,8,2,0,+17,10,18,1,4,9,11,2018-11-23,Charlotte
D. Schroder,32,23,0.474,0.5,1,5,1,0,0,+2,9,19,4,8,1,1,2018-11-23,Charlotte
N. Noel,11,2,0.5,NaN,NaN,3,0,0,0,-8,1,2,0,0,0,0,2018-11-23,Charlotte
P. Patterson,13,0,0,0,NaN,1,1,0,0,-5,0,3,0,2,0,0,2018-11-23,Charlotte
R. Felton,5,0,0,NaN,NaN,2,1,0,0,-4,0,2,0,0,0,0,2018-11-23,Charlotte
T. Luwawu,7,0,0,0,NaN,0,0,0,0,-10,0,1,0,1,0,0,2018-11-23,Charlotte
D. Burton,21,11,0.5,0.333,0.667,2,2,0,0,-4,4,8,1,3,2,3,2018-11-23,Charlotte
A. Abrines,7,0,0,0,NaN,0,0,0,0,+1,0,1,0,1,0,0,2018-11-23,Charlotte
P. George,40,24,0.381,0.5,0.714,11,3,2,3,-1,8,21,3,6,5,7,2018-11-24,Denver
J. Grant,31,13,0.455,0.4,0.5,2,2,0,1,+2,5,11,2,5,1,2,2018-11-24,Denver
S. Adams,37,12,0.4,NaN,0,14,0,1,0,-5,6,15,0,0,0,1,2018-11-24,Denver
R. Westbrook,39,16,0.261,0.083,0.429,10,12,1,0,-3,6,23,1,12,3,7,2018-11-24,Denver
T. Luwawu,21,3,0.167,0.25,NaN,5,1,1,1,-10,1,6,1,4,0,0,2018-11-24,Denver
N. Noel,11,4,1,NaN,NaN,5,1,1,0,-2,2,2,0,0,0,0,2018-11-24,Denver
P. Patterson,9,0,0,0,NaN,2,0,1,0,-10,0,3,0,2,0,0,2018-11-24,Denver
D. Schroder,30,18,0.357,0.286,1,2,2,1,0,+4,5,14,2,7,6,6,2018-11-24,Denver
A. Abrines,8,0,0,0,NaN,1,1,0,0,-9,0,2,0,2,0,0,2018-11-24,Denver
D. Burton,14,8,0.667,0,NaN,2,0,1,0,-1,4,6,0,1,0,0,2018-11-24,Denver
P. George,25,18,0.615,0.5,1,4,4,0,2,+2,8,13,1,2,1,1,2018-11-28,Cleveland
J. Grant,34,21,0.667,0.25,0.8,5,0,0,4,+3,8,12,1,4,4,5,2018-11-28,Cleveland
S. Adams,33,6,0.5,NaN,NaN,6,1,1,2,+10,3,6,0,0,0,0,2018-11-28,Cleveland
R. Westbrook,37,23,0.588,0.4,0.5,18,15,2,0,+12,10,17,2,5,1,2,2018-11-28,Cleveland
A. Abrines,27,3,0.111,0.125,NaN,3,1,0,0,+13,1,9,1,8,0,0,2018-11-28,Cleveland
N. Noel,14,8,0.75,NaN,1,3,1,0,1,+7,3,4,0,0,2,2,2018-11-28,Cleveland
P. Patterson,13,0,0,0,NaN,3,0,0,0,+14,0,2,0,1,0,0,2018-11-28,Cleveland
A. Nader,7,4,1,NaN,NaN,3,0,0,0,+4,2,2,0,0,0,0,2018-11-28,Cleveland
T. Davis,1,0,0,NaN,NaN,1,0,0,0,+0,0,1,0,0,0,0,2018-11-28,Cleveland
R. Felton,6,2,0.5,NaN,NaN,0,2,0,0,+9,1,2,0,0,0,0,2018-11-28,Cleveland
D. Schroder,23,6,0.222,0,1,2,1,1,0,-7,2,9,0,3,2,2,2018-11-28,Cleveland
T. Luwawu,4,1,0,0,0.5,0,0,1,0,-4,0,3,0,2,1,2,2018-11-28,Cleveland
D. Burton,16,8,0.5,0.5,1,2,0,0,2,+22,3,6,1,2,1,1,2018-11-28,Cleveland
P. George,29,20,0.429,0.375,1,5,3,2,0,+5,6,14,3,8,5,5,2018-11-30,Atlanta
J. Grant,27,5,0.4,0.333,NaN,3,1,0,1,+15,2,5,1,3,0,0,2018-11-30,Atlanta
S. Adams,32,6,0.429,NaN,NaN,13,3,3,1,+8,3,7,0,0,0,0,2018-11-30,Atlanta
R. Westbrook,31,23,0.533,0.5,0.833,9,10,1,0,+18,8,15,2,4,5,6,2018-11-30,Atlanta
A. Abrines,26,21,0.636,0.636,NaN,2,1,0,0,+6,7,11,7,11,0,0,2018-11-30,Atlanta
N. Noel,16,14,0.857,NaN,1,7,0,3,2,+7,6,7,0,0,2,2,2018-11-30,Atlanta
P. Patterson,21,13,0.444,0.375,1,1,3,3,0,+0,4,9,3,8,2,2,2018-11-30,Atlanta
A. Nader,9,2,0.333,0,NaN,2,0,0,0,-7,1,3,0,1,0,0,2018-11-30,Atlanta
D. Schroder,28,18,0.533,0.333,NaN,3,8,0,2,+20,8,15,2,6,0,0,2018-11-30,Atlanta
T. Luwawu,2,0,NaN,NaN,NaN,0,0,0,0,-7,0,0,0,0,0,0,2018-11-30,Atlanta
D. Burton,20,2,0.5,NaN,NaN,1,1,0,1,+10,1,2,0,0,0,0,2018-11-30,Atlanta
P. George,31,17,0.389,0.25,1,10,4,2,0,+24,7,18,2,8,1,1,2018-12-03,Detroit
J. Grant,24,15,0.833,0.667,0.75,2,0,0,1,+25,5,6,2,3,3,4,2018-12-03,Detroit
S. Adams,28,21,0.875,NaN,1,6,1,0,2,+21,7,8,0,0,7,7,2018-12-03,Detroit
R. Westbrook,29,18,0.412,0.286,0.667,6,6,2,0,+24,7,17,2,7,2,3,2018-12-03,Detroit
T. Ferguson,27,2,0,0,1,3,4,1,1,+16,0,1,0,1,2,2,2018-12-03,Detroit
N. Noel,20,12,0.667,NaN,NaN,8,0,2,2,+6,6,9,0,0,0,0,2018-12-03,Detroit
P. Patterson,19,4,0.5,0,0,2,1,1,1,+10,2,4,0,1,0,1,2018-12-03,Detroit
A. Nader,5,0,NaN,NaN,NaN,2,0,0,0,-8,0,0,0,0,0,0,2018-12-03,Detroit
R. Felton,7,5,0.4,0.5,NaN,3,0,1,1,-2,2,5,1,2,0,0,2018-12-03,Detroit
D. Schroder,25,12,0.462,0,NaN,9,6,1,0,+25,6,13,0,1,0,0,2018-12-03,Detroit
A. Abrines,18,2,0.333,0,NaN,1,1,0,0,-1,1,3,0,2,0,0,2018-12-03,Detroit
D. Burton,8,2,0,NaN,1,0,0,0,0,-5,0,1,0,0,2,2,2018-12-03,Detroit
P. George,37,47,0.556,0.462,0.786,15,4,0,1,+12,15,27,6,13,11,14,2018-12-05,Brooklyn
J. Grant,27,5,0.333,0.25,NaN,5,2,1,3,+8,2,6,1,4,0,0,2018-12-05,Brooklyn
S. Adams,31,15,0.636,NaN,0.167,8,2,2,1,+16,7,11,0,0,1,6,2018-12-05,Brooklyn
R. Westbrook,40,21,0.391,0.222,0.5,15,17,1,0,+10,9,23,2,9,1,2,2018-12-05,Brooklyn
T. Ferguson,26,8,0.429,0.5,NaN,1,0,0,0,+0,3,7,2,4,0,0,2018-12-05,Brooklyn
N. Noel,14,5,0.4,NaN,0.5,9,0,1,1,-16,2,5,0,0,1,2,2018-12-05,Brooklyn
P. Patterson,7,0,0,0,NaN,1,0,0,0,-11,0,3,0,1,0,0,2018-12-05,Brooklyn
D. Schroder,30,12,0.417,0.5,NaN,2,2,0,0,+6,5,12,2,4,0,0,2018-12-05,Brooklyn
H. Diallo,5,1,0,NaN,0.5,2,0,0,0,-3,0,1,0,0,1,2,2018-12-05,Brooklyn
A. Abrines,19,0,0,0,NaN,1,1,3,0,-10,0,2,0,2,0,0,2018-12-05,Brooklyn
D. Burton,4,0,0,0,NaN,1,0,0,0,-2,0,2,0,1,0,0,2018-12-05,Brooklyn
P. George,36,19,0.375,0.222,0.833,5,7,4,0,+2,6,16,2,9,5,6,2018-12-07,Chicago
J. Grant,34,13,0.556,0.75,NaN,3,0,0,2,+4,5,9,3,4,0,0,2018-12-07,Chicago
S. Adams,31,21,0.529,NaN,0.429,10,0,2,1,+7,9,17,0,0,3,7,2018-12-07,Chicago
R. Westbrook,35,24,0.429,0.333,0.571,17,13,4,0,+10,9,21,2,6,4,7,2018-12-07,Chicago
T. Ferguson,26,7,0.6,1,NaN,2,0,0,0,+12,3,5,1,1,0,0,2018-12-07,Chicago
N. Noel,15,2,0.25,NaN,NaN,2,0,2,3,-11,1,4,0,0,0,0,2018-12-07,Chicago
P. Patterson,11,0,0,0,NaN,2,0,0,0,-8,0,1,0,1,0,0,2018-12-07,Chicago
D. Schroder,27,19,0.5,0.333,1,5,3,0,0,-10,7,14,1,3,4,4,2018-12-07,Chicago
H. Diallo,10,4,0.667,NaN,NaN,2,1,0,0,-1,2,3,0,0,0,0,2018-12-07,Chicago
A. Abrines,15,3,0.25,0.25,NaN,3,1,0,0,-15,1,4,1,4,0,0,2018-12-07,Chicago
P. George,30,31,0.8,0.833,0.833,3,3,4,0,+17,8,10,5,6,10,12,2018-12-10,Utah
J. Grant,30,13,0.545,0.5,0,4,0,0,1,+22,6,11,1,2,0,1,2018-12-10,Utah
S. Adams,29,22,0.538,NaN,0.8,7,1,1,0,+19,7,13,0,0,8,10,2018-12-10,Utah
R. Westbrook,36,12,0.222,0,0.5,11,10,1,0,+15,4,18,0,5,4,8,2018-12-10,Utah
T. Ferguson,16,4,1,1,0.5,2,3,1,0,+5,1,1,1,1,1,2,2018-12-10,Utah
N. Noel,19,8,0.571,NaN,NaN,4,0,2,1,-10,4,7,0,0,0,0,2018-12-10,Utah
P. Patterson,18,0,NaN,NaN,NaN,4,1,0,0,-13,0,0,0,0,0,0,2018-12-10,Utah
A. Nader,1,0,NaN,NaN,NaN,0,0,0,0,-4,0,0,0,0,0,0,2018-12-10,Utah
D. Schroder,30,23,0.529,0.2,1,4,6,2,0,+10,9,17,1,5,4,4,2018-12-10,Utah
H. Diallo,10,9,0.8,NaN,0.5,1,1,0,0,+1,4,5,0,0,1,2,2018-12-10,Utah
A. Abrines,19,0,0,0,NaN,3,0,1,0,-12,0,2,0,1,0,0,2018-12-10,Utah
D. Burton,1,0,0,0,NaN,0,0,0,0,-5,0,1,0,1,0,0,2018-12-10,Utah
P. George,37,25,0.529,0.429,1,11,5,2,1,-1,9,17,3,7,4,4,2018-12-12,NewOrleans
J. Grant,26,7,0.375,0.2,NaN,5,1,0,1,+9,3,8,1,5,0,0,2018-12-12,NewOrleans
S. Adams,37,20,0.778,NaN,0.6,6,2,1,1,-2,7,9,0,0,6,10,2018-12-12,NewOrleans
R. Westbrook,38,20,0.5,0.286,0.4,6,7,4,2,+0,8,16,2,7,2,5,2018-12-12,NewOrleans
T. Ferguson,21,6,0.5,0.5,NaN,1,0,0,0,-11,2,4,2,4,0,0,2018-12-12,NewOrleans
N. Noel,11,4,0.333,NaN,0.5,3,2,0,1,-2,1,3,0,0,2,4,2018-12-12,NewOrleans
P. Patterson,18,3,0.25,0,0.5,3,0,2,0,-6,1,4,0,3,1,2,2018-12-12,NewOrleans
D. Schroder,32,24,0.5,0.364,1,3,4,0,0,-1,9,18,4,11,2,2,2018-12-12,NewOrleans
H. Diallo,5,0,0,0,NaN,0,0,0,0,-6,0,2,0,1,0,0,2018-12-12,NewOrleans
A. Abrines,14,5,0.333,0.2,NaN,1,2,1,0,+0,2,6,1,5,0,0,2018-12-12,NewOrleans
P. George,40,32,0.5,0.5,0.833,5,2,1,0,-7,12,24,3,6,5,6,2018-12-14,Denver
J. Grant,35,13,0.364,0.25,1,2,0,2,0,-9,4,11,1,4,4,4,2018-12-14,Denver
S. Adams,37,26,0.6,NaN,0.333,14,2,1,2,-4,12,20,0,0,2,6,2018-12-14,Denver
R. Westbrook,36,13,0.333,0.333,1,14,8,4,1,-9,5,15,1,3,2,2,2018-12-14,Denver
T. Ferguson,24,0,0,0,0,0,0,1,0,+1,0,1,0,1,0,2,2018-12-14,Denver
N. Noel,11,0,0,NaN,NaN,5,0,0,1,-7,0,1,0,0,0,0,2018-12-14,Denver
P. Patterson,6,3,0.333,0.5,NaN,2,0,0,0,-1,1,3,1,2,0,0,2018-12-14,Denver
A. Nader,1,0,NaN,NaN,NaN,0,0,0,0,+0,0,0,0,0,0,0,2018-12-14,Denver
D. Schroder,28,11,0.231,0.5,0.571,1,2,0,0,-13,3,13,1,2,4,7,2018-12-14,Denver
T. Luwawu,1,0,NaN,NaN,NaN,0,0,0,0,+0,0,0,0,0,0,0,2018-12-14,Denver
H. Diallo,4,0,0,NaN,0,0,0,0,0,-5,0,1,0,0,0,2,2018-12-14,Denver
A. Abrines,19,0,0,0,NaN,0,0,0,0,-1,0,1,0,1,0,0,2018-12-14,Denver
P. George,37,33,0.579,0.556,0.75,7,6,1,1,+15,11,19,5,9,6,8,2018-12-15,LA
J. Grant,34,18,0.727,0.333,0.333,4,1,2,3,+0,8,11,1,3,1,3,2018-12-15,LA
S. Adams,32,16,0.429,NaN,0.667,5,2,0,0,-3,6,14,0,0,4,6,2018-12-15,LA
R. Westbrook,36,13,0.235,0.75,0.667,9,12,6,0,+0,4,17,3,4,2,3,2018-12-15,LA
T. Ferguson,15,2,0.5,0,NaN,2,0,0,0,+10,1,2,0,1,0,0,2018-12-15,LA
N. Noel,16,4,0.5,NaN,NaN,4,0,2,2,+9,2,4,0,0,0,0,2018-12-15,LA
P. Patterson,14,0,NaN,NaN,NaN,1,2,1,0,+6,0,0,0,0,0,0,2018-12-15,LA
D. Schroder,24,8,0.286,0,NaN,3,3,1,0,-5,4,14,0,3,0,0,2018-12-15,LA
H. Diallo,11,10,0.8,NaN,1,1,0,0,1,-9,4,5,0,0,2,2,2018-12-15,LA
A. Abrines,20,6,0.5,0,1,4,0,0,0,+7,2,4,0,2,2,2,2018-12-15,LA
P. George,31,24,0.421,0.4,1,8,4,3,0,+22,8,19,4,10,4,4,2018-12-17,Chicago
J. Grant,30,13,0.556,NaN,0.75,2,1,0,0,+18,5,9,0,0,3,4,2018-12-17,Chicago
S. Adams,31,19,0.571,NaN,0.5,8,1,2,0,+26,8,14,0,0,3,6,2018-12-17,Chicago
R. Westbrook,32,13,0.385,NaN,0.75,16,11,5,0,+25,5,13,0,0,3,4,2018-12-17,Chicago
T. Ferguson,14,5,0.2,0.5,1,1,0,1,0,-3,1,5,1,2,2,2,2018-12-17,Chicago
N. Noel,18,5,0.333,NaN,1,4,1,1,2,-1,1,3,0,0,3,3,2018-12-17,Chicago
P. Patterson,18,2,0.25,0,NaN,3,3,0,0,+7,1,4,0,2,0,0,2018-12-17,Chicago
A. Nader,4,4,1,NaN,1,1,0,0,0,-3,1,1,0,0,2,2,2018-12-17,Chicago
D. Schroder,30,18,0.6,0.333,1,1,3,0,0,+31,6,10,1,3,5,5,2018-12-17,Chicago
T. Luwawu,3,0,0,0,NaN,1,0,0,0,-4,0,2,0,1,0,0,2018-12-17,Chicago
H. Diallo,17,10,0.8,NaN,0.667,1,0,1,0,+3,4,5,0,0,2,3,2018-12-17,Chicago
A. Abrines,14,8,0.75,0.667,NaN,3,0,1,0,+4,3,4,2,3,0,0,2018-12-17,Chicago
P. George,38,43,0.556,0.5,0.9,12,7,0,0,+29,15,27,4,8,9,10,2018-12-19,Sacramento
J. Grant,37,22,0.818,1,0.333,2,1,0,1,+7,9,11,2,2,2,6,2018-12-19,Sacramento
S. Adams,34,20,0.667,NaN,1,23,1,2,0,+10,8,12,0,0,4,4,2018-12-19,Sacramento
R. Westbrook,35,19,0.421,0.2,0.286,11,17,6,0,+8,8,19,1,5,2,7,2018-12-19,Sacramento
T. Ferguson,29,14,0.429,0.333,NaN,3,0,0,0,+5,6,14,2,6,0,0,2018-12-19,Sacramento
N. Noel,14,2,0.25,NaN,NaN,4,0,0,3,+9,1,4,0,0,0,0,2018-12-19,Sacramento
P. Patterson,10,3,0.25,0.333,NaN,1,0,0,1,+12,1,4,1,3,0,0,2018-12-19,Sacramento
A. Nader,2,0,NaN,NaN,NaN,2,0,0,0,+0,0,0,0,0,0,0,2018-12-19,Sacramento
T. Luwawu,2,0,NaN,NaN,NaN,0,0,0,0,+0,0,0,0,0,0,0,2018-12-19,Sacramento
H. Diallo,17,0,0,0,NaN,7,0,0,1,+9,0,4,0,1,0,0,2018-12-19,Sacramento
A. Abrines,23,9,0.429,0.429,NaN,1,1,0,0,+6,3,7,3,7,0,0,2018-12-19,Sacramento
P. George,40,43,0.6,0.5,0.8,14,6,5,1,+8,15,25,5,10,8,10,2018-12-22,Utah
J. Grant,39,15,0.545,0.333,0.5,7,0,1,2,+10,6,11,1,3,2,4,2018-12-22,Utah
S. Adams,39,15,0.583,NaN,0.25,10,0,1,1,+8,7,12,0,0,1,4,2018-12-22,Utah
R. Westbrook,35,8,0.176,0,1,12,9,3,0,-12,3,17,0,4,2,2,2018-12-22,Utah
T. Ferguson,19,2,0.5,NaN,NaN,0,1,0,0,-6,1,2,0,0,0,0,2018-12-22,Utah
N. Noel,9,1,NaN,NaN,0.5,1,1,0,1,-7,0,0,0,0,1,2,2018-12-22,Utah
P. Patterson,9,2,0.5,0,NaN,1,0,0,0,-9,1,2,0,1,0,0,2018-12-22,Utah
D. Schroder,27,11,0.417,0.333,NaN,1,2,1,0,+7,5,12,1,3,0,0,2018-12-22,Utah
H. Diallo,8,4,0.5,NaN,NaN,4,0,0,0,-7,2,4,0,0,0,0,2018-12-22,Utah
A. Abrines,16,6,0.5,0.5,NaN,1,0,0,0,+13,2,4,2,4,0,0,2018-12-22,Utah
P. George,39,31,0.458,0.5,1,12,3,1,0,+7,11,24,3,6,6,6,2018-12-23,Minnesota
J. Grant,33,14,0.6,0.2,1,7,0,0,2,+4,6,10,1,5,1,1,2018-12-23,Minnesota
S. Adams,28,12,0.6,NaN,0,4,0,0,0,-12,6,10,0,0,0,1,2018-12-23,Minnesota
R. Westbrook,36,23,0.526,1,0.5,11,10,1,0,+7,10,19,1,1,2,4,2018-12-23,Minnesota
T. Ferguson,8,2,0,0,1,0,0,1,0,+2,0,1,0,1,2,2,2018-12-23,Minnesota
N. Noel,18,0,0,NaN,NaN,5,2,0,2,+3,0,1,0,0,0,0,2018-12-23,Minnesota
P. Patterson,17,6,0.5,1,NaN,1,0,0,2,+1,2,4,2,2,0,0,2018-12-23,Minnesota
D. Schroder,25,10,0.333,0.25,0.5,1,2,1,0,-21,4,12,1,4,1,2,2018-12-23,Minnesota
H. Diallo,9,7,0.667,0,0.75,3,0,0,2,-2,2,3,0,1,3,4,2018-12-23,Minnesota
A. Abrines,27,7,0.333,0.2,1,1,0,0,2,+1,2,6,1,5,2,2,2018-12-23,Minnesota
P. George,38,28,0.4,0.444,1,14,2,3,0,+0,10,25,4,9,4,4,2018-12-25,Houston
J. Grant,30,15,0.538,0.333,NaN,9,0,2,3,-2,7,13,1,3,0,0,2018-12-25,Houston
S. Adams,37,17,0.727,NaN,0.5,7,3,1,0,-2,8,11,0,0,1,2,2018-12-25,Houston
R. Westbrook,38,21,0.3,0.333,0.7,9,9,4,1,+6,6,20,2,6,7,10,2018-12-25,Houston
T. Ferguson,24,8,0.333,0.333,NaN,1,0,0,1,-11,3,9,2,6,0,0,2018-12-25,Houston
N. Noel,11,2,1,NaN,0,2,1,1,4,-2,1,1,0,0,0,1,2018-12-25,Houston
P. Patterson,5,2,0,0,1,1,0,0,0,-6,0,2,0,1,2,2,2018-12-25,Houston
A. Nader,10,0,0,0,NaN,1,1,0,0,+2,0,3,0,2,0,0,2018-12-25,Houston
D. Schroder,34,10,0.455,0,NaN,5,6,1,1,-2,5,11,0,3,0,0,2018-12-25,Houston
H. Diallo,13,6,1,NaN,0,3,1,0,1,-3,3,3,0,0,0,2,2018-12-25,Houston
J. Grant,38,12,0.5,0,NaN,8,1,3,2,+12,6,12,0,1,0,0,2018-12-28,Phoenix
S. Adams,35,12,0.5,NaN,0.667,13,3,3,0,+5,5,10,0,0,2,3,2018-12-28,Phoenix
R. Westbrook,39,40,0.586,0.429,0.5,12,8,0,0,+6,17,29,3,7,3,6,2018-12-28,Phoenix
D. Schroder,39,20,0.444,0.286,1,4,6,2,0,+25,8,18,2,7,2,2,2018-12-28,Phoenix
T. Ferguson,7,4,1,NaN,NaN,0,0,0,0,+3,2,2,0,0,0,0,2018-12-28,Phoenix
N. Noel,13,0,0,NaN,NaN,3,2,4,1,+11,0,1,0,0,0,0,2018-12-28,Phoenix
P. Patterson,10,2,0.5,0,NaN,2,0,0,1,+4,1,2,0,1,0,0,2018-12-28,Phoenix
A. Nader,33,18,0.538,0.5,1,5,0,0,0,+6,7,13,2,4,2,2,2018-12-28,Phoenix
R. Felton,12,4,0.667,NaN,NaN,1,2,0,0,-2,2,3,0,0,0,0,2018-12-28,Phoenix
H. Diallo,14,6,0.6,NaN,NaN,1,0,0,0,+10,3,5,0,0,0,0,2018-12-28,Phoenix
A. Nader,16,3,0.2,0.25,NaN,1,0,1,0,-7,1,5,1,4,0,0,2018-12-30,Dallas
J. Grant,35,10,0.5,0,1,2,0,2,0,-9,4,8,0,1,2,2,2018-12-30,Dallas
P. George,37,36,0.5,0.273,0.75,5,0,2,0,-14,12,24,3,11,9,12,2018-12-30,Dallas
S. Adams,38,8,0.8,0,0,9,2,2,0,-11,4,5,0,1,0,2,2018-12-30,Dallas
R. Westbrook,38,9,0.182,0,0.5,9,8,6,0,-4,4,22,0,8,1,2,2018-12-30,Dallas
P. Patterson,13,10,0.8,0.667,NaN,2,0,0,0,+7,4,5,2,3,0,0,2018-12-30,Dallas
N. Noel,10,2,1,NaN,NaN,4,1,1,1,+9,1,1,0,0,0,0,2018-12-30,Dallas
R. Felton,11,3,0.5,0.5,NaN,0,2,0,0,+11,1,2,1,2,0,0,2018-12-30,Dallas
D. Schroder,33,19,0.421,0.286,0.5,4,3,1,1,-1,8,19,2,7,1,2,2018-12-30,Dallas
H. Diallo,10,3,0.5,0,1,3,1,0,0,+9,1,2,0,1,1,1,2018-12-30,Dallas
P. George,33,22,0.333,0.333,0.857,4,1,4,0,+17,7,21,2,6,6,7,2018-12-31,Dallas
J. Grant,28,16,0.545,0.25,1,4,0,3,1,+16,6,11,1,4,3,3,2018-12-31,Dallas
S. Adams,33,12,0.625,NaN,0.25,13,4,1,0,+20,5,8,0,0,2,8,2018-12-31,Dallas
R. Westbrook,35,32,0.542,0,1,11,11,4,0,+22,13,24,0,1,6,6,2018-12-31,Dallas
T. Ferguson,25,5,0.333,0,0.5,1,1,1,1,+21,2,6,0,2,1,2,2018-12-31,Dallas
N. Noel,15,15,0.714,NaN,0.833,5,0,0,1,+0,5,7,0,0,5,6,2018-12-31,Dallas
P. Patterson,18,3,0.25,0.333,NaN,3,1,0,0,+0,1,4,1,3,0,0,2018-12-31,Dallas
A. Nader,13,10,0.667,0.667,NaN,3,1,0,0,+0,4,6,2,3,0,0,2018-12-31,Dallas
D. Schroder,27,6,0.214,0,0,2,3,0,0,+0,3,14,0,4,0,1,2018-12-31,Dallas
H. Diallo,14,1,0,0,0.5,0,0,0,0,+4,0,2,0,1,1,2,2018-12-31,Dallas
P. George,34,37,0.517,0.182,0.714,4,2,4,0,+3,15,29,2,11,5,7,2019-01-02,LosAngeles
J. Grant,36,13,0.5,0.25,1,7,0,0,0,+4,5,10,1,4,2,2,2019-01-02,LosAngeles
S. Adams,36,14,0.5,NaN,0.667,15,3,0,2,+6,5,10,0,0,4,6,2019-01-02,LosAngeles
R. Westbrook,36,14,0.15,0.143,0.7,16,10,2,2,+1,3,20,1,7,7,10,2019-01-02,LosAngeles
T. Ferguson,19,2,0.143,0,NaN,1,0,0,0,+7,1,7,0,3,0,0,2019-01-02,LosAngeles
N. Noel,12,5,0.667,NaN,0.5,4,0,1,1,+1,2,3,0,0,1,2,2019-01-02,LosAngeles
P. Patterson,12,2,0.25,0,NaN,4,0,1,0,+3,1,4,0,1,0,0,2019-01-02,LosAngeles
A. Nader,14,10,0.667,0.667,NaN,4,1,0,0,+4,4,6,2,3,0,0,2019-01-02,LosAngeles
D. Schroder,29,10,0.308,0.5,0.25,7,6,0,0,-3,4,13,1,2,1,4,2019-01-02,LosAngeles
H. Diallo,11,0,0,NaN,NaN,2,0,0,0,+9,0,3,0,0,0,0,2019-01-02,LosAngeles
P. George,37,37,0.435,0.556,0.857,8,2,1,0,+8,10,23,5,9,12,14,2019-01-04,Portland
J. Grant,28,8,0.429,0,1,7,0,0,1,-10,3,7,0,2,2,2,2019-01-04,Portland
S. Adams,34,6,0.429,NaN,NaN,12,3,2,1,-3,3,7,0,0,0,0,2019-01-04,Portland
R. Westbrook,37,31,0.464,0,0.833,9,7,1,0,+7,13,28,0,2,5,6,2019-01-04,Portland
T. Ferguson,27,3,0.5,0.5,NaN,1,0,0,2,+5,1,2,1,2,0,0,2019-01-04,Portland
N. Noel,14,10,1,NaN,1,5,1,3,2,+5,4,4,0,0,2,2,2019-01-04,Portland
P. Patterson,14,6,0.5,0.5,NaN,1,1,0,0,+0,2,4,2,4,0,0,2019-01-04,Portland
A. Nader,14,0,0,0,NaN,1,0,0,0,-3,0,3,0,1,0,0,2019-01-04,Portland
D. Schroder,29,10,0.286,0,1,3,3,1,0,+9,4,14,0,4,2,2,2019-01-04,Portland
H. Diallo,8,0,0,0,NaN,2,1,1,0,-8,0,2,0,1,0,0,2019-01-04,Portland
P. George,36,20,0.389,0.429,0.75,4,5,2,0,+0,7,18,3,7,3,4,2019-01-06,Washington
J. Grant,33,17,0.636,1,1,2,1,1,0,-6,7,11,2,2,1,1,2019-01-06,Washington
S. Adams,31,12,0.833,NaN,0.5,8,1,2,0,+8,5,6,0,0,2,4,2019-01-06,Washington
R. Westbrook,37,22,0.391,0.4,0.333,15,13,0,1,-7,9,23,2,5,2,6,2019-01-06,Washington
T. Ferguson,34,5,0.25,0.25,1,3,1,2,0,+7,1,4,1,4,2,2,2019-01-06,Washington
N. Noel,17,2,0.25,NaN,NaN,4,0,0,1,-26,1,4,0,0,0,0,2019-01-06,Washington
P. Patterson,15,2,0.25,0,NaN,4,0,0,1,-12,1,4,0,3,0,0,2019-01-06,Washington
A. Nader,14,9,0.571,1,NaN,0,0,1,0,-20,4,7,1,1,0,0,2019-01-06,Washington
D. Schroder,16,9,0.3,0.333,1,1,0,0,0,-32,3,10,1,3,2,2,2019-01-06,Washington
T. Luwawu,2,0,NaN,NaN,NaN,0,0,0,0,+1,0,0,0,0,0,0,2019-01-06,Washington
H. Diallo,5,0,0,NaN,NaN,0,1,0,0,-3,0,1,0,0,0,0,2019-01-06,Washington
P. George,38,27,0.375,0.385,0.571,9,1,0,0,+4,9,24,5,13,4,7,2019-01-08,Minnesota
J. Grant,34,7,0.25,0,0.833,3,0,1,2,+6,1,4,0,2,5,6,2019-01-08,Minnesota
S. Adams,37,20,0.889,NaN,0.667,12,1,2,0,+5,8,9,0,0,4,6,2019-01-08,Minnesota
R. Westbrook,39,25,0.5,0.167,1,5,16,1,2,+7,11,22,1,6,2,2,2019-01-08,Minnesota
T. Ferguson,25,14,0.625,1,NaN,4,0,0,1,+12,5,8,4,4,0,0,2019-01-08,Minnesota
N. Noel,6,6,0.75,NaN,NaN,1,0,0,0,-2,3,4,0,0,0,0,2019-01-08,Minnesota
P. Patterson,14,5,0.5,0.5,0.667,3,0,0,0,-8,1,2,1,2,2,3,2019-01-08,Minnesota
A. Nader,9,0,0,NaN,NaN,1,0,0,0,-9,0,2,0,0,0,0,2019-01-08,Minnesota
D. Schroder,28,9,0.375,0.333,1,2,4,0,0,-19,3,8,1,3,2,2,2019-01-08,Minnesota
H. Diallo,10,4,1,NaN,NaN,3,0,0,0,-6,2,2,0,0,0,0,2019-01-08,Minnesota
P. George,47,30,0.44,0.429,0.714,8,1,3,0,-16,11,25,3,7,5,7,2019-01-10,SanAntonio
J. Grant,44,25,0.5,0.2,0.667,12,1,0,3,-11,10,20,1,5,4,6,2019-01-10,SanAntonio
S. Adams,38,19,0.615,NaN,0.75,7,1,2,2,-4,8,13,0,0,3,4,2019-01-10,SanAntonio
R. Westbrook,50,24,0.5,0,0.4,13,24,2,0,-5,11,22,0,4,2,5,2019-01-10,SanAntonio
T. Ferguson,41,21,0.583,0.7,NaN,1,0,0,0,-2,7,12,7,10,0,0,2019-01-10,SanAntonio
P. Patterson,12,3,0.333,0.333,NaN,2,1,0,0,+0,1,3,1,3,0,0,2019-01-10,SanAntonio
A. Nader,12,9,1,1,NaN,3,0,1,0,+4,4,4,1,1,0,0,2019-01-10,SanAntonio
D. Schroder,36,14,0.357,0.4,1,2,4,0,0,-10,5,14,2,5,2,2,2019-01-10,SanAntonio
H. Diallo,11,2,1,NaN,NaN,1,1,0,0,+9,1,1,0,0,0,0,2019-01-10,SanAntonio
P. George,34,18,0.294,0.286,1,11,4,2,0,+15,5,17,2,7,6,6,2019-01-12,SanAntonio
J. Grant,30,12,0.571,0.5,1,4,3,0,2,+1,4,7,2,4,2,2,2019-01-12,SanAntonio
S. Adams,35,12,0.6,NaN,0.75,9,2,2,1,+14,3,5,0,0,6,8,2019-01-12,SanAntonio
R. Westbrook,33,24,0.375,0.5,1,10,7,2,0,+7,9,24,1,2,5,5,2019-01-12,SanAntonio
T. Ferguson,30,8,0.6,0.667,NaN,4,1,0,1,+8,3,5,2,3,0,0,2019-01-12,SanAntonio
P. Patterson,23,13,0.714,1,NaN,4,2,0,0,+4,5,7,3,3,0,0,2019-01-12,SanAntonio
A. Nader,17,15,1,1,1,2,2,0,1,+3,6,6,1,1,2,2,2019-01-12,SanAntonio
D. Schroder,25,19,0.471,0,0.75,1,6,4,0,+6,8,17,0,1,3,4,2019-01-12,SanAntonio
T. Luwawu,1,0,0,0,NaN,0,0,0,0,-2,0,1,0,1,0,0,2019-01-12,SanAntonio
H. Diallo,13,1,0,0,0.5,2,0,0,0,-6,0,4,0,1,1,2,2019-01-12,SanAntonio
P. George,37,24,0.333,0.417,1,8,3,5,0,+5,6,18,5,12,7,7,2019-01-15,Atlanta
J. Grant,40,21,0.643,0,0.6,5,0,3,2,-9,9,14,0,4,3,5,2019-01-15,Atlanta
S. Adams,38,16,1,NaN,0.4,7,0,2,0,+1,7,7,0,0,2,5,2019-01-15,Atlanta
R. Westbrook,36,31,0.476,0,0.786,6,11,5,0,+1,10,21,0,3,11,14,2019-01-15,Atlanta
T. Ferguson,23,4,0.286,0,NaN,3,1,0,0,-12,2,7,0,5,0,0,2019-01-15,Atlanta
P. Patterson,13,2,0.5,NaN,NaN,4,1,0,1,-13,1,2,0,0,0,0,2019-01-15,Atlanta
A. Nader,14,3,0.167,0.333,NaN,2,0,0,0,-19,1,6,1,3,0,0,2019-01-15,Atlanta
D. Schroder,27,21,0.4,0.6,1,3,6,1,0,-11,6,15,3,5,6,6,2019-01-15,Atlanta
T. Luwawu,1,0,NaN,NaN,NaN,0,0,0,0,-2,0,0,0,0,0,0,2019-01-15,Atlanta
H. Diallo,11,4,0.25,NaN,0.5,2,0,0,0,-21,1,4,0,0,2,4,2019-01-15,Atlanta
P. George,44,27,0.474,0.417,0.667,7,8,3,0,+4,9,19,5,12,4,6,2019-01-17,LosAngeles
J. Grant,39,14,0.385,0.333,1,3,2,0,3,-2,5,13,2,6,2,2,2019-01-17,LosAngeles
S. Adams,41,17,0.667,NaN,0.833,15,1,4,0,+10,6,9,0,0,5,6,2019-01-17,LosAngeles
R. Westbrook,43,26,0.233,0.417,0.7,9,13,1,1,+5,7,30,5,12,7,10,2019-01-17,LosAngeles
T. Ferguson,37,21,0.462,0.5,0.6,3,2,1,0,+0,6,13,6,12,3,5,2019-01-17,LosAngeles
N. Noel,12,4,0.667,NaN,NaN,2,1,1,0,-20,2,3,0,0,0,0,2019-01-17,LosAngeles
P. Patterson,10,9,0.75,0.75,0,0,1,0,0,-11,3,4,3,4,0,1,2019-01-17,LosAngeles
A. Nader,11,1,0,0,0.5,1,0,0,0,-10,0,3,0,2,1,2,2019-01-17,LosAngeles
D. Schroder,17,9,0.429,0.2,1,1,2,0,0,-12,3,7,1,5,2,2,2019-01-17,LosAngeles
H. Diallo,11,0,0,0,0,3,1,0,0,-14,0,3,0,1,0,2,2019-01-17,LosAngeles
P. George,40,31,0.4,0.444,1,6,5,3,0,+17,8,20,4,9,11,11,2019-01-19,Philadelphia
J. Grant,34,10,0.333,0,1,9,1,2,2,+25,2,6,0,3,6,6,2019-01-19,Philadelphia
S. Adams,36,16,0.615,NaN,NaN,9,3,1,2,-14,8,13,0,0,0,0,2019-01-19,Philadelphia
R. Westbrook,37,21,0.381,0.167,0.571,10,6,1,0,+7,8,21,1,6,4,7,2019-01-19,Philadelphia
T. Ferguson,29,11,0.5,0.5,NaN,3,2,1,0,+2,4,8,3,6,0,0,2019-01-19,Philadelphia
N. Noel,12,4,1,NaN,NaN,1,0,2,1,+16,2,2,0,0,0,0,2019-01-19,Philadelphia
P. Patterson,14,0,0,0,NaN,1,1,0,1,-23,0,2,0,1,0,0,2019-01-19,Philadelphia
A. Nader,8,3,0.5,1,NaN,2,0,0,0,-5,1,2,1,1,0,0,2019-01-19,Philadelphia
D. Schroder,25,21,0.444,0.6,1,4,2,0,0,-7,8,18,3,5,2,2,2019-01-19,Philadelphia
H. Diallo,4,0,0,NaN,NaN,0,0,0,0,-8,0,1,0,0,0,0,2019-01-19,Philadelphia
P. George,31,31,0.5,0.444,1,4,4,1,0,+19,9,18,4,9,9,9,2019-01-21,NewYork
J. Grant,34,16,0.667,0.5,0.6,6,2,0,2,+15,6,9,1,2,3,5,2019-01-21,NewYork
S. Adams,30,10,0.625,NaN,NaN,7,3,0,0,+15,5,8,0,0,0,0,2019-01-21,NewYork
R. Westbrook,29,17,0.5,0.5,0.8,10,9,0,0,+22,6,12,1,2,4,5,2019-01-21,NewYork
T. Ferguson,20,9,0.6,0.6,NaN,1,1,0,0,+0,3,5,3,5,0,0,2019-01-21,NewYork
N. Noel,20,6,0.6,NaN,NaN,8,0,2,0,+0,3,5,0,0,0,0,2019-01-21,NewYork
P. Patterson,9,2,0.5,0,NaN,0,0,0,0,+5,1,2,0,1,0,0,2019-01-21,NewYork
A. Nader,20,16,0.667,0.667,0.667,6,2,2,0,-3,6,9,2,3,2,3,2019-01-21,NewYork
D. Schroder,29,17,0.417,0.571,1,3,4,2,0,+20,5,12,4,7,3,3,2019-01-21,NewYork
T. Luwawu,2,0,0,NaN,NaN,1,0,0,0,-2,0,1,0,0,0,0,2019-01-21,NewYork
H. Diallo,17,3,0.5,NaN,0.5,3,1,0,0,-1,1,2,0,0,1,2,2019-01-21,NewYork
P. George,38,36,0.476,0.5,0.867,8,4,5,1,+16,10,21,3,6,13,15,2019-01-22,Portland
J. Grant,33,11,0.5,1,0.5,5,0,1,2,+1,4,8,2,2,1,2,2019-01-22,Portland
S. Adams,36,14,0.583,NaN,NaN,8,3,2,1,-4,7,12,0,0,0,0,2019-01-22,Portland
R. Westbrook,37,29,0.45,0.25,0.833,10,14,1,0,+5,9,20,1,4,10,12,2019-01-22,Portland
T. Ferguson,37,14,0.75,0.5,NaN,2,1,4,0,+2,6,8,2,4,0,0,2019-01-22,Portland
N. Noel,12,0,0,NaN,NaN,3,2,2,0,+13,0,1,0,0,0,0,2019-01-22,Portland
P. Patterson,15,6,1,1,NaN,0,0,0,0,+8,2,2,2,2,0,0,2019-01-22,Portland
A. Nader,10,0,NaN,NaN,NaN,0,0,0,0,+3,0,0,0,0,0,0,2019-01-22,Portland
D. Schroder,23,13,0.385,0.2,0.5,1,2,1,0,+1,5,13,1,5,2,4,2019-01-22,Portland
P. George,38,23,0.444,0.6,0.25,11,7,1,1,+2,8,18,6,10,1,4,2019-01-24,NewOrleans
J. Grant,35,14,0.4,0.5,NaN,3,1,2,0,+11,6,15,2,4,0,0,2019-01-24,NewOrleans
S. Adams,36,20,0.75,NaN,1,12,2,1,0,+14,9,12,0,0,2,2,2019-01-24,NewOrleans
R. Westbrook,37,23,0.474,0.333,0.5,17,16,2,0,+14,9,19,1,3,4,8,2019-01-24,NewOrleans
T. Ferguson,35,14,0.429,0.25,NaN,3,2,1,0,+15,6,14,2,8,0,0,2019-01-24,NewOrleans
N. Noel,12,6,0.6,NaN,NaN,3,0,0,1,-8,3,5,0,0,0,0,2019-01-24,NewOrleans
P. Patterson,13,9,0.8,0.5,NaN,3,0,0,0,-5,4,5,1,2,0,0,2019-01-24,NewOrleans
A. Nader,12,3,0.2,0,0.5,4,0,0,0,-9,1,5,0,2,1,2,2019-01-24,NewOrleans
D. Schroder,22,10,0.5,0.667,NaN,1,5,1,0,-4,4,8,2,3,0,0,2019-01-24,NewOrleans
P. George,38,36,0.571,0.667,0.667,13,3,3,0,+16,12,21,8,12,4,6,2019-01-27,Milwaukee
J. Grant,33,16,0.5,0.333,0.625,2,4,0,5,-1,5,10,1,3,5,8,2019-01-27,Milwaukee
S. Adams,31,14,0.7,NaN,0,8,2,1,1,+1,7,10,0,0,0,2,2019-01-27,Milwaukee
R. Westbrook,36,13,0.25,0.4,0.5,13,11,1,1,-11,5,20,2,5,1,2,2019-01-27,Milwaukee
T. Ferguson,27,15,0.6,0.6,0,3,1,0,1,-2,6,10,3,5,0,2,2019-01-27,Milwaukee
N. Noel,17,6,0.429,NaN,NaN,6,0,0,2,+3,3,7,0,0,0,0,2019-01-27,Milwaukee
P. Patterson,15,0,0,0,NaN,3,1,0,0,+7,0,1,0,1,0,0,2019-01-27,Milwaukee
A. Nader,15,4,0.5,0,NaN,2,0,0,0,+7,2,4,0,2,0,0,2019-01-27,Milwaukee
D. Schroder,28,14,0.364,0.5,0.8,2,7,0,0,+10,4,11,2,4,4,5,2019-01-27,Milwaukee
N. Noel,34,12,0.6,NaN,NaN,7,1,1,5,+12,6,10,0,0,0,0,2019-01-29,Orlando
P. George,39,37,0.583,0.4,0.778,6,4,3,0,+16,14,24,2,5,7,9,2019-01-29,Orlando
J. Grant,42,18,0.471,0.5,NaN,7,1,3,0,+3,8,17,2,4,0,0,2019-01-29,Orlando
R. Westbrook,38,23,0.583,0.5,0.667,14,14,0,1,-3,7,12,1,2,8,12,2019-01-29,Orlando
H. Diallo,17,7,0.6,NaN,1,1,0,0,1,+7,3,5,0,0,1,1,2019-01-29,Orlando
P. Patterson,18,0,0,0,NaN,2,1,0,0,+5,0,4,0,3,0,0,2019-01-29,Orlando
A. Nader,17,5,0.333,0.333,NaN,2,0,0,0,-5,2,6,1,3,0,0,2019-01-29,Orlando
D. Schroder,28,21,0.727,1,0.75,3,4,0,1,+6,8,11,2,2,3,4,2019-01-29,Orlando
A. Abrines,6,3,0.5,0.5,NaN,1,0,0,0,+4,1,2,1,2,0,0,2019-01-29,Orlando
P. George,35,43,0.609,0.625,0.833,7,5,2,0,+28,14,23,10,16,5,6,2019-02-01,Miami
J. Grant,29,8,0.3,0.5,1,7,1,1,0,+22,3,10,1,2,1,1,2019-02-01,Miami
S. Adams,27,13,0.4,NaN,1,7,2,3,0,+19,6,15,0,0,1,1,2019-02-01,Miami
R. Westbrook,32,14,0.6,0,0.4,12,14,1,1,+11,6,10,0,1,2,5,2019-02-01,Miami
T. Ferguson,23,0,0,NaN,NaN,0,0,1,0,+15,0,1,0,0,0,0,2019-02-01,Miami
N. Noel,21,4,0.333,NaN,NaN,7,0,0,3,-3,2,6,0,0,0,0,2019-02-01,Miami
P. Patterson,16,5,0.5,0.5,NaN,2,0,0,0,+0,2,4,1,2,0,0,2019-02-01,Miami
A. Nader,15,2,0,0,1,5,1,0,0,-13,0,5,0,2,2,2,2019-02-01,Miami
D. Schroder,29,28,0.846,0.667,1,2,0,0,0,+15,11,13,4,6,2,2,2019-02-01,Miami
H. Diallo,3,1,0,NaN,0.5,1,0,2,0,-6,0,2,0,0,1,2,2019-02-01,Miami
A. Abrines,9,0,0,0,NaN,0,0,0,0,-8,0,2,0,1,0,0,2019-02-01,Miami
P. George,39,37,0.407,0.312,0.833,4,4,1,1,-6,11,27,5,16,10,12,2019-02-03,Boston
J. Grant,33,15,0.625,1,0.6,3,0,1,1,-10,5,8,2,2,3,5,2019-02-03,Boston
S. Adams,36,16,0.636,NaN,0.5,9,0,2,0,-7,7,11,0,0,2,4,2019-02-03,Boston
R. Westbrook,37,22,0.421,0.333,0.625,12,16,2,0,-5,8,19,1,3,5,8,2019-02-03,Boston
T. Ferguson,34,11,0.444,0.375,NaN,2,1,1,0,-12,4,9,3,8,0,0,2019-02-03,Boston
N. Noel,12,2,1,NaN,NaN,2,0,1,2,+2,1,1,0,0,0,0,2019-02-03,Boston
P. Patterson,15,5,1,1,NaN,3,1,1,1,+5,2,2,1,1,0,0,2019-02-03,Boston
D. Schroder,23,16,0.385,0.4,1,6,3,2,0,+8,5,13,2,5,4,4,2019-02-03,Boston
H. Diallo,10,5,1,NaN,1,1,0,1,0,+0,2,2,0,0,1,1,2019-02-03,Boston
P. George,36,39,0.346,0.4,0.938,8,3,3,0,+14,9,26,6,15,15,16,2019-02-05,Orlando
J. Grant,35,19,0.778,0.333,0.571,11,0,1,1,+18,7,9,1,3,4,7,2019-02-05,Orlando
S. Adams,36,14,0.583,NaN,NaN,4,1,2,0,+16,7,12,0,0,0,0,2019-02-05,Orlando
R. Westbrook,36,16,0.357,0,0.6,15,16,1,1,+9,5,14,0,2,6,10,2019-02-05,Orlando
T. Ferguson,30,10,0.444,0.4,NaN,1,2,1,0,+5,4,9,2,5,0,0,2019-02-05,Orlando
N. Noel,12,0,NaN,NaN,NaN,4,2,0,0,-6,0,0,0,0,0,0,2019-02-05,Orlando
P. Patterson,13,3,0.5,1,NaN,3,0,0,0,-8,1,2,1,1,0,0,2019-02-05,Orlando
A. Nader,16,11,0.8,0.5,0.667,1,0,2,0,+2,4,5,1,2,2,3,2019-02-05,Orlando
D. Schroder,23,20,0.6,1,0,2,1,1,0,+4,9,15,2,2,0,1,2019-02-05,Orlando
D. Burton,3,0,NaN,NaN,NaN,0,0,0,0,-4,0,0,0,0,0,0,2019-02-05,Orlando
P. George,32,27,0.438,0.462,1,5,4,4,0,+22,7,16,6,13,7,7,2019-02-07,Memphis
J. Grant,30,20,0.727,0.75,0.5,3,0,0,1,+36,8,11,3,4,1,2,2019-02-07,Memphis
S. Adams,19,11,1,NaN,0.25,6,2,2,1,+21,5,5,0,0,1,4,2019-02-07,Memphis
R. Westbrook,33,15,0.312,0.25,0.667,13,15,4,0,+18,5,16,1,4,4,6,2019-02-07,Memphis
T. Ferguson,28,10,0.333,0.222,NaN,1,1,1,0,+28,4,12,2,9,0,0,2019-02-07,Memphis
N. Noel,20,4,0.5,NaN,NaN,6,3,3,0,-12,2,4,0,0,0,0,2019-02-07,Memphis
P. Patterson,21,5,1,1,NaN,4,1,1,0,+0,2,2,1,1,0,0,2019-02-07,Memphis
D. Grantham,2,0,0,0,NaN,0,0,0,0,+1,0,1,0,1,0,0,2019-02-07,Memphis
A. Nader,20,7,0.6,0.333,NaN,1,0,0,0,-6,3,5,1,3,0,0,2019-02-07,Memphis
D. Schroder,31,16,0.375,0.333,0.333,3,3,1,0,-2,6,16,3,9,1,3,2019-02-07,Memphis
H. Diallo,2,2,1,NaN,NaN,1,0,1,0,+1,1,1,0,0,0,0,2019-02-07,Memphis
D. Burton,2,0,0,NaN,NaN,1,0,0,0,+3,0,1,0,0,0,0,2019-02-07,Memphis
P. George,41,45,0.545,0.429,0.833,11,3,1,0,+16,12,22,6,14,15,18,2019-02-09,Houston
J. Grant,35,8,0.333,0.333,0.5,8,1,2,2,+6,3,9,1,3,1,2,2019-02-09,Houston
S. Adams,38,6,0.5,NaN,NaN,9,0,2,2,+12,3,6,0,0,0,0,2019-02-09,Houston
R. Westbrook,38,21,0.381,0.2,0.8,12,11,2,1,+2,8,21,1,5,4,5,2019-02-09,Houston
T. Ferguson,35,15,0.667,0.6,NaN,4,3,0,0,+16,6,9,3,5,0,0,2019-02-09,Houston
N. Noel,10,2,0.333,NaN,NaN,4,0,0,0,-9,1,3,0,0,0,0,2019-02-09,Houston
P. Patterson,7,3,0.333,0.5,NaN,0,1,0,0,-13,1,3,1,2,0,0,2019-02-09,Houston
A. Nader,4,0,0,0,NaN,2,0,0,0,-11,0,2,0,1,0,0,2019-02-09,Houston
D. Schroder,22,17,0.462,0.333,0.8,0,0,0,0,-12,6,13,1,3,4,5,2019-02-09,Houston
D. Burton,10,0,0,0,NaN,3,1,0,0,+18,0,1,0,1,0,0,2019-02-09,Houston
P. Patterson,23,0,0,0,NaN,7,0,1,0,+3,0,5,0,4,0,0,2019-02-11,Portland
P. George,43,47,0.577,0.615,0.818,12,10,2,0,+14,15,26,8,13,9,11,2019-02-11,Portland
S. Adams,35,9,0.571,NaN,0.5,1,0,2,1,+6,4,7,0,0,1,2,2019-02-11,Portland
R. Westbrook,37,21,0.263,0.167,0.769,14,11,1,2,+1,5,19,1,6,10,13,2019-02-11,Portland
T. Ferguson,29,8,0.75,0.5,1,0,0,1,0,-7,3,4,1,2,1,1,2019-02-11,Portland
N. Noel,13,2,0.333,NaN,NaN,7,0,0,1,+3,1,3,0,0,0,0,2019-02-11,Portland
A. Nader,12,0,0,NaN,NaN,3,1,0,0,+6,0,3,0,0,0,0,2019-02-11,Portland
R. Felton,21,15,0.6,0.6,NaN,1,1,2,0,+13,6,10,3,5,0,0,2019-02-11,Portland
H. Diallo,1,0,NaN,NaN,NaN,0,0,0,0,-1,0,0,0,0,0,0,2019-02-11,Portland
D. Burton,26,18,0.778,0.6,0.5,0,0,0,3,+7,7,9,3,5,1,2,2019-02-11,Portland
P. Patterson,15,5,0.25,0,1,3,0,0,0,-20,2,8,0,4,1,1,2019-02-14,NewOrleans
P. George,41,28,0.379,0.176,1,7,6,1,1,-10,11,29,3,17,3,3,2019-02-14,NewOrleans
S. Adams,36,4,0.4,NaN,NaN,5,2,2,1,-11,2,5,0,0,0,0,2019-02-14,NewOrleans
R. Westbrook,39,44,0.6,0.333,1,14,11,1,2,-15,18,30,4,12,4,4,2019-02-14,NewOrleans
T. Ferguson,36,6,0.222,0.286,NaN,2,1,1,1,-18,2,9,2,7,0,0,2019-02-14,NewOrleans
N. Noel,22,22,0.625,NaN,1,13,1,2,0,+4,10,16,0,0,2,2,2019-02-14,NewOrleans
A. Nader,14,2,0.5,0,0,2,0,0,1,+7,1,2,0,1,0,1,2019-02-14,NewOrleans
R. Felton,23,9,0.75,0.5,1,1,5,0,0,+13,3,4,1,2,2,2,2019-02-14,NewOrleans
D. Burton,14,2,0.333,0,NaN,1,1,1,0,+5,1,3,0,1,0,0,2019-02-14,NewOrleans
P. George,50,45,0.548,0.385,1,9,7,1,0,-4,17,31,5,13,6,6,2019-02-22,Utah
J. Grant,41,18,0.6,0.75,1,4,1,2,3,+0,6,10,3,4,3,3,2019-02-22,Utah
S. Adams,47,16,0.5,NaN,0.5,10,3,5,1,+19,7,14,0,0,2,4,2019-02-22,Utah
R. Westbrook,43,43,0.517,0.462,0.7,15,8,2,1,+9,15,29,6,13,7,10,2019-02-22,Utah
T. Ferguson,27,12,0.625,0.4,NaN,0,1,0,0,+4,5,8,2,5,0,0,2019-02-22,Utah
N. Noel,11,2,0.333,NaN,NaN,0,0,2,0,-18,1,3,0,0,0,0,2019-02-22,Utah
M. Morris,17,0,0,NaN,NaN,0,2,1,0,+1,0,1,0,0,0,0,2019-02-22,Utah
A. Nader,10,3,0.5,0.5,NaN,1,0,1,0,-5,1,2,1,2,0,0,2019-02-22,Utah
D. Schroder,35,9,0.188,0.167,1,3,7,1,0,+2,3,16,1,6,2,2,2019-02-22,Utah
D. Burton,8,0,0,0,NaN,1,0,1,0,-3,0,4,0,1,0,0,2019-02-22,Utah
P. George,38,14,0.211,0.222,1,13,5,0,0,-2,4,19,2,9,4,4,2019-02-23,Sacramento
J. Grant,28,8,0.222,0.4,1,8,0,0,0,-3,2,9,2,5,2,2,2019-02-23,Sacramento
S. Adams,28,11,0.714,NaN,0.333,9,1,0,0,-2,5,7,0,0,1,3,2019-02-23,Sacramento
R. Westbrook,35,41,0.5,0.417,0.75,10,4,1,1,-1,15,30,5,12,6,8,2019-02-23,Sacramento
T. Ferguson,30,10,0.333,0.375,0.5,1,1,0,0,+4,3,9,3,8,1,2,2019-02-23,Sacramento
N. Noel,20,6,0.429,NaN,NaN,8,2,1,2,-1,3,7,0,0,0,0,2019-02-23,Sacramento
M. Morris,20,10,0.25,0.2,1,8,0,0,2,+0,2,8,1,5,5,5,2019-02-23,Sacramento
A. Nader,10,2,0.333,0,NaN,0,0,0,0,-5,1,3,0,1,0,0,2019-02-23,Sacramento
R. Felton,6,0,0,NaN,NaN,0,2,0,0,+8,0,1,0,0,0,0,2019-02-23,Sacramento
D. Schroder,22,14,0.417,0.167,0.75,2,2,0,1,-9,5,12,1,6,3,4,2019-02-23,Sacramento
D. Burton,3,0,NaN,NaN,NaN,0,0,0,0,-4,0,0,0,0,0,0,2019-02-23,Sacramento
P. George,40,25,0.292,0.214,1,8,7,6,0,-4,7,24,3,14,8,8,2019-02-26,Denver
J. Grant,34,21,0.75,0.667,1,5,3,0,2,-24,9,12,2,3,1,1,2019-02-26,Denver
S. Adams,30,15,0.583,NaN,0.5,5,2,1,1,-23,7,12,0,0,1,2,2019-02-26,Denver
R. Westbrook,36,22,0.571,0.4,0.5,14,9,0,0,-16,8,14,2,5,4,8,2019-02-26,Denver
T. Ferguson,21,3,0.333,0,0.5,0,1,1,0,-7,1,3,0,2,1,2,2019-02-26,Denver
N. Noel,18,7,0.75,NaN,0.333,5,1,1,1,+14,3,4,0,0,1,3,2019-02-26,Denver
M. Morris,14,6,0.333,0.4,NaN,3,1,0,0,+15,2,6,2,5,0,0,2019-02-26,Denver
A. Nader,7,2,1,NaN,0,1,0,0,1,+1,1,1,0,0,0,1,2019-02-26,Denver
R. Felton,8,0,0,0,NaN,0,0,0,0,+4,0,2,0,2,0,0,2019-02-26,Denver
D. Schroder,32,11,0.294,0.143,NaN,5,7,1,0,-5,5,17,1,7,0,0,2019-02-26,Denver
M. Morris,19,17,0.583,0.333,1,4,0,1,0,-7,7,12,1,3,2,2,2019-02-28,Philadelphia
J. Grant,37,23,0.588,0.4,0.5,6,0,0,1,-7,10,17,2,5,1,2,2019-02-28,Philadelphia
S. Adams,32,11,0.444,NaN,0.5,14,1,1,0,-5,4,9,0,0,3,6,2019-02-28,Philadelphia
R. Westbrook,38,23,0.333,0.111,0.667,11,11,1,1,-3,8,24,1,9,6,9,2019-02-28,Philadelphia
T. Ferguson,38,7,0.6,0.333,NaN,1,6,0,0,-7,3,5,1,3,0,0,2019-02-28,Philadelphia
N. Noel,10,4,0.5,NaN,1,2,1,0,1,+2,1,2,0,0,2,2,2019-02-28,Philadelphia
P. Patterson,5,0,NaN,NaN,NaN,2,0,0,0,-2,0,0,0,0,0,0,2019-02-28,Philadelphia
A. Nader,17,5,1,1,1,3,0,1,0,-4,1,1,1,1,2,2,2019-02-28,Philadelphia
R. Felton,12,0,0,0,NaN,0,2,0,0,+6,0,2,0,1,0,0,2019-02-28,Philadelphia
D. Schroder,33,14,0.267,0.4,0.8,1,7,1,0,+7,4,15,2,5,4,5,2019-02-28,Philadelphia
J. Grant,31,12,0.357,0.25,NaN,6,1,0,0,-16,5,14,2,8,0,0,2019-03-02,SanAntonio
S. Adams,25,17,0.636,NaN,0.6,13,0,2,1,-12,7,11,0,0,3,5,2019-03-02,SanAntonio
R. Westbrook,34,19,0.412,0.2,0.571,9,8,1,0,-15,7,17,1,5,4,7,2019-03-02,SanAntonio
D. Schroder,31,18,0.4,0.2,0.625,5,3,1,0,-23,6,15,1,5,5,8,2019-03-02,SanAntonio
T. Ferguson,37,7,0.5,0.25,NaN,1,0,0,0,-21,3,6,1,4,0,0,2019-03-02,SanAntonio
N. Noel,9,2,0,NaN,1,2,0,1,1,-2,0,1,0,0,2,2,2019-03-02,SanAntonio
M. Morris,22,10,0.667,0.5,0.5,3,1,1,0,+2,4,6,1,2,1,2,2019-03-02,SanAntonio
A. Nader,25,2,0.167,0,NaN,5,3,1,0,+4,1,6,0,2,0,0,2019-03-02,SanAntonio
R. Felton,22,13,0.667,0.333,NaN,0,1,0,0,+7,6,9,1,3,0,0,2019-03-02,SanAntonio
H. Diallo,2,0,0,NaN,NaN,1,0,0,0,+3,0,1,0,0,0,0,2019-03-02,SanAntonio
D. Burton,2,2,0.5,NaN,NaN,0,0,0,0,+3,1,2,0,0,0,0,2019-03-02,SanAntonio
J. Grant,37,13,0.273,0,0.875,7,5,0,1,+0,3,11,0,2,7,8,2019-03-03,Memphis
S. Adams,32,13,0.6,NaN,0.167,22,0,2,1,-3,6,10,0,0,1,6,2019-03-03,Memphis
R. Westbrook,36,22,0.35,0.308,0.667,6,5,3,1,-1,7,20,4,13,4,6,2019-03-03,Memphis
D. Schroder,41,17,0.273,0.25,1,12,6,2,1,+12,6,22,1,4,4,4,2019-03-03,Memphis
T. Ferguson,36,4,0.2,0,1,0,2,1,0,+6,1,5,0,3,2,2,2019-03-03,Memphis
N. Noel,8,4,0.5,NaN,NaN,2,0,0,1,+5,2,4,0,0,0,0,2019-03-03,Memphis
M. Morris,15,7,0.333,0.5,0,1,0,0,0,+2,3,9,1,2,0,1,2019-03-03,Memphis
A. Nader,23,15,0.4,0.5,1,2,1,2,0,-2,4,10,3,6,4,4,2019-03-03,Memphis
R. Felton,14,4,0.5,NaN,1,1,0,0,0,+1,1,2,0,0,2,2,2019-03-03,Memphis
P. George,38,25,0.32,0.286,0.714,5,2,1,0,-10,8,25,4,14,5,7,2019-03-05,Minnesota
J. Grant,34,10,0.333,0.6,0.5,3,1,0,1,-4,3,9,3,5,1,2,2019-03-05,Minnesota
S. Adams,36,13,0.833,NaN,0.333,11,2,1,3,-16,5,6,0,0,3,9,2019-03-05,Minnesota
R. Westbrook,38,38,0.536,0.5,0.429,13,6,0,0,-2,15,28,5,10,3,7,2019-03-05,Minnesota
T. Ferguson,16,5,0.25,0.25,1,1,0,1,0,-6,1,4,1,4,2,2,2019-03-05,Minnesota
N. Noel,10,6,1,NaN,NaN,2,0,1,1,+9,3,3,0,0,0,0,2019-03-05,Minnesota
M. Morris,15,3,0.2,0.5,NaN,5,2,0,0,-11,1,5,1,2,0,0,2019-03-05,Minnesota
A. Nader,13,3,0.2,0.2,NaN,1,1,0,2,-4,1,5,1,5,0,0,2019-03-05,Minnesota
R. Felton,10,3,1,1,NaN,0,1,0,1,-3,1,1,1,1,0,0,2019-03-05,Minnesota
D. Schroder,29,14,0.5,0.4,1,4,5,0,0,-8,4,8,2,5,4,4,2019-03-05,Minnesota
P. George,43,32,0.304,0.111,0.85,14,6,3,0,+19,7,23,1,9,17,20,2019-03-07,Portland
J. Grant,26,14,0.667,0.5,1,6,0,1,1,+11,6,9,1,2,1,1,2019-03-07,Portland
S. Adams,39,12,0.545,NaN,NaN,7,0,2,2,+4,6,11,0,0,0,0,2019-03-07,Portland
R. Westbrook,40,37,0.5,0.625,0.667,7,3,0,0,+1,14,28,5,8,4,6,2019-03-07,Portland
T. Ferguson,29,6,0.667,0.5,0.5,5,0,0,1,+11,2,3,1,2,1,2,2019-03-07,Portland
N. Noel,14,6,0.4,NaN,0.667,3,0,0,1,+4,2,5,0,0,2,3,2019-03-07,Portland
M. Morris,23,4,0.333,0,NaN,10,1,0,0,-4,2,6,0,1,0,0,2019-03-07,Portland
A. Nader,22,4,0.5,0,NaN,2,0,1,0,-9,2,4,0,2,0,0,2019-03-07,Portland
R. Felton,2,0,NaN,NaN,NaN,0,0,0,0,-2,0,0,0,0,0,0,2019-03-07,Portland
D. Schroder,27,14,0.438,0,NaN,4,4,0,0,+5,7,16,0,3,0,0,2019-03-07,Portland
P. George,28,15,0.312,0.333,0.5,6,1,0,0,-17,5,16,3,9,2,4,2019-03-08,LA
J. Grant,30,12,0.556,0,0.667,4,1,0,0,-17,5,9,0,3,2,3,2019-03-08,LA
S. Adams,32,6,0.6,NaN,0,10,3,0,0,-21,3,5,0,0,0,2,2019-03-08,LA
R. Westbrook,32,32,0.522,0.222,0.75,8,7,0,1,-4,12,23,2,9,6,8,2019-03-08,LA
T. Ferguson,34,6,0.222,0.25,NaN,2,1,0,1,-8,2,9,2,8,0,0,2019-03-08,LA
N. Noel,16,6,0.4,NaN,1,5,2,2,2,+13,2,5,0,0,2,2,2019-03-08,LA
M. Morris,17,12,0.5,0.5,0.5,7,1,0,0,+8,5,10,1,2,1,2,2019-03-08,LA
A. Nader,19,6,0.5,1,1,6,0,1,3,+4,2,4,1,1,1,1,2019-03-08,LA
D. Schroder,33,15,0.25,0.182,0.75,4,4,0,0,+2,5,20,2,11,3,4,2019-03-08,LA
P. George,35,14,0.25,0,0.833,11,4,3,1,+6,2,8,0,3,10,12,2019-03-11,Utah
J. Grant,35,12,0.364,0.25,0.75,5,2,2,0,+20,4,11,1,4,3,4,2019-03-11,Utah
S. Adams,33,12,0.6,NaN,NaN,7,0,2,2,+14,6,10,0,0,0,0,2019-03-11,Utah
R. Westbrook,37,23,0.474,0.5,0.5,11,8,1,1,+10,9,19,2,4,3,6,2019-03-11,Utah
T. Ferguson,27,5,0.4,0.25,NaN,2,0,0,0,+12,2,5,1,4,0,0,2019-03-11,Utah
N. Noel,15,5,0.667,NaN,0.5,3,1,0,1,-5,2,3,0,0,1,2,2019-03-11,Utah
P. Patterson,4,0,NaN,NaN,NaN,0,0,0,0,-6,0,0,0,0,0,0,2019-03-11,Utah
M. Morris,8,0,0,0,NaN,1,0,0,0,-2,0,4,0,1,0,0,2019-03-11,Utah
D. Grantham,1,0,NaN,NaN,NaN,0,0,0,0,-3,0,0,0,0,0,0,2019-03-11,Utah
A. Nader,14,3,1,1,NaN,1,0,0,0,-3,1,1,1,1,0,0,2019-03-11,Utah
D. Schroder,30,24,0.556,0.4,0.667,7,3,0,0,+5,10,18,2,5,2,3,2019-03-11,Utah
D. Burton,1,0,NaN,NaN,NaN,0,0,0,0,-3,0,0,0,0,0,0,2019-03-11,Utah
P. George,37,25,0.5,0.5,1,9,3,2,2,+11,9,18,3,6,4,4,2019-03-13,Brooklyn
J. Grant,28,15,0.357,0.333,0.75,7,0,0,1,+9,5,14,2,6,3,4,2019-03-13,Brooklyn
S. Adams,30,13,0.5,NaN,0.5,7,1,2,1,+11,6,12,0,0,1,2,2019-03-13,Brooklyn
R. Westbrook,36,31,0.522,0.5,0.6,12,11,3,0,+18,12,23,4,8,3,5,2019-03-13,Brooklyn
T. Ferguson,29,2,0,0,1,4,3,1,0,+15,0,3,0,1,2,2,2019-03-13,Brooklyn
N. Noel,18,6,0.6,NaN,NaN,5,0,0,1,+1,3,5,0,0,0,0,2019-03-13,Brooklyn
A. Nader,14,2,0,0,1,3,1,0,0,+4,0,3,0,1,2,2,2019-03-13,Brooklyn
R. Felton,4,0,0,NaN,NaN,0,0,0,1,-8,0,1,0,0,0,0,2019-03-13,Brooklyn
D. Schroder,29,7,0.3,0.25,NaN,2,2,0,0,+1,3,10,1,4,0,0,2019-03-13,Brooklyn
D. Burton,15,7,0.429,0.5,NaN,2,0,1,0,-2,3,7,1,2,0,0,2019-03-13,Brooklyn
P. George,36,36,0.435,0.545,0.833,6,5,2,0,-5,10,23,6,11,10,12,2019-03-14,Indiana
J. Grant,31,3,0.25,NaN,0.5,2,1,2,2,-6,1,4,0,0,1,2,2019-03-14,Indiana
S. Adams,34,17,0.571,NaN,0.5,8,1,0,0,-7,8,14,0,0,1,2,2019-03-14,Indiana
R. Westbrook,38,19,0.444,0.2,1,14,11,4,2,-1,8,18,1,5,2,2,2019-03-14,Indiana
T. Ferguson,21,6,0.5,0.667,NaN,1,0,1,1,+9,2,4,2,3,0,0,2019-03-14,Indiana
N. Noel,14,0,0,NaN,NaN,4,1,0,0,+5,0,1,0,0,0,0,2019-03-14,Indiana
M. Morris,17,8,0.5,0.5,NaN,3,0,1,0,+4,3,6,2,4,0,0,2019-03-14,Indiana
A. Nader,17,10,0.5,0.4,1,1,0,1,0,+2,3,6,2,5,2,2,2019-03-14,Indiana
D. Schroder,32,7,0.3,0.5,NaN,5,5,0,0,-11,3,10,1,2,0,0,2019-03-14,Indiana
P. George,38,29,0.36,0.333,0.636,13,2,1,0,-17,9,25,4,12,7,11,2019-03-16,GoldenState
J. Grant,24,11,0.364,0.5,NaN,6,1,0,0,-22,4,11,3,6,0,0,2019-03-16,GoldenState
S. Adams,33,9,0.571,NaN,0.25,9,1,1,2,-19,4,7,0,0,1,4,2019-03-16,GoldenState
R. Westbrook,32,7,0.125,0,0.75,8,9,1,1,-18,2,16,0,7,3,4,2019-03-16,GoldenState
T. Ferguson,27,2,0.2,0,NaN,2,0,0,0,-19,1,5,0,3,0,0,2019-03-16,GoldenState
N. Noel,10,3,0.5,NaN,0.5,2,1,0,1,+2,1,2,0,0,1,2,2019-03-16,GoldenState
P. Patterson,1,0,NaN,NaN,NaN,0,0,0,0,-2,0,0,0,0,0,0,2019-03-16,GoldenState
M. Morris,17,8,0.429,0.667,NaN,5,0,1,0,+1,3,7,2,3,0,0,2019-03-16,GoldenState
A. Nader,19,3,0.25,0.5,NaN,6,0,0,1,-3,1,4,1,2,0,0,2019-03-16,GoldenState
D. Schroder,28,15,0.429,0.375,NaN,0,3,0,0,-2,6,14,3,8,0,0,2019-03-16,GoldenState
H. Diallo,3,0,0,NaN,NaN,0,0,0,0,-4,0,2,0,0,0,0,2019-03-16,GoldenState
D. Burton,7,1,0,NaN,0.5,1,1,0,0,-7,0,3,0,0,1,2,2019-03-16,GoldenState
P. George,39,31,0.5,0.364,1,9,5,2,2,+0,9,18,4,11,9,9,2019-03-18,Miami
J. Grant,41,27,0.625,0.5,0.857,10,1,0,3,+9,10,16,1,2,6,7,2019-03-18,Miami
S. Adams,25,10,0.833,NaN,0,12,3,1,2,+4,5,6,0,0,0,2,2019-03-18,Miami
D. Schroder,36,20,0.438,0.4,0.667,3,6,0,0,+2,7,16,2,5,4,6,2019-03-18,Miami
T. Ferguson,37,9,0.333,0.333,NaN,4,2,1,0,+10,3,9,3,9,0,0,2019-03-18,Miami
P. Patterson,5,0,0,NaN,NaN,1,0,0,0,-6,0,1,0,0,0,0,2019-03-18,Miami
M. Morris,19,4,0.222,0,NaN,4,1,0,0,-12,2,9,0,3,0,0,2019-03-18,Miami
A. Nader,16,6,0.286,0,0.667,2,1,0,1,-14,2,7,0,4,2,3,2019-03-18,Miami
R. Felton,12,0,0,0,NaN,2,2,0,0,-11,0,3,0,1,0,0,2019-03-18,Miami
H. Diallo,5,0,0,0,NaN,2,0,0,0,-14,0,1,0,1,0,0,2019-03-18,Miami
D. Burton,6,0,0,0,NaN,0,0,0,0,-13,0,1,0,1,0,0,2019-03-18,Miami
P. George,35,19,0.429,0.3,0.571,5,6,1,0,-5,6,14,3,10,4,7,2019-03-20,Toronto
J. Grant,40,9,0.214,0,0.75,14,2,0,1,-5,3,14,0,3,3,4,2019-03-20,Toronto
S. Adams,40,4,0.286,NaN,NaN,7,2,1,0,-4,2,7,0,0,0,0,2019-03-20,Toronto
R. Westbrook,44,42,0.552,0.5,0.625,11,6,1,0,-7,16,29,5,10,5,8,2019-03-20,Toronto
T. Ferguson,33,8,0.3,0.25,NaN,1,0,1,0,-14,3,10,2,8,0,0,2019-03-20,Toronto
N. Noel,11,9,0.8,NaN,0.2,1,1,0,1,-2,4,5,0,0,1,5,2019-03-20,Toronto
M. Morris,13,6,0.5,0.333,0.5,0,1,1,0,-4,2,4,1,3,1,2,2019-03-20,Toronto
A. Nader,11,5,0.5,0.333,0,2,0,0,0,-4,2,4,1,3,0,1,2019-03-20,Toronto
D. Schroder,38,12,0.312,0.167,0.5,7,4,1,0,+0,5,16,1,6,1,2,2019-03-20,Toronto
P. George,41,28,0.529,0.5,1,6,5,2,1,-1,9,17,5,10,5,5,2019-03-22,Toronto
J. Grant,36,19,0.5,0.625,NaN,3,2,0,0,-2,7,14,5,8,0,0,2019-03-22,Toronto
S. Adams,33,9,0.444,NaN,0.5,5,1,2,3,+10,4,9,0,0,1,2,2019-03-22,Toronto
R. Westbrook,37,18,0.3,0.222,0.8,12,13,4,1,+18,6,20,2,9,4,5,2019-03-22,Toronto
T. Ferguson,33,11,0.4,0.429,NaN,1,2,0,0,+8,4,10,3,7,0,0,2019-03-22,Toronto
N. Noel,5,2,1,NaN,NaN,4,0,0,0,-4,1,1,0,0,0,0,2019-03-22,Toronto
M. Morris,15,3,0.2,1,NaN,2,0,1,0,-3,1,5,1,1,0,0,2019-03-22,Toronto
A. Nader,9,0,0,0,NaN,0,0,0,0,-8,0,2,0,1,0,0,2019-03-22,Toronto
D. Schroder,31,26,0.625,0.571,1,6,7,0,1,+17,10,16,4,7,2,2,2019-03-22,Toronto
P. George,39,30,0.345,0.333,0.833,12,3,1,0,-3,10,29,5,15,5,6,2019-03-25,Memphis
J. Grant,24,7,0.375,0.333,NaN,2,0,0,0,-29,3,8,1,3,0,0,2019-03-25,Memphis
S. Adams,32,2,0.143,NaN,NaN,8,0,4,3,-20,1,7,0,0,0,0,2019-03-25,Memphis
R. Westbrook,37,16,0.3,0.167,0.5,5,7,0,0,-20,6,20,1,6,3,6,2019-03-25,Memphis
T. Ferguson,36,13,1,1,1,3,3,2,0,-18,4,4,3,3,2,2,2019-03-25,Memphis
N. Noel,3,2,1,NaN,NaN,1,0,0,0,+7,1,1,0,0,0,0,2019-03-25,Memphis
M. Morris,13,4,0.4,0,NaN,2,0,0,0,+1,2,5,0,2,0,0,2019-03-25,Memphis
A. Nader,12,2,0.25,0,NaN,2,0,1,1,+6,1,4,0,1,0,0,2019-03-25,Memphis
D. Schroder,37,25,0.643,0.5,0.833,3,3,0,0,+3,9,14,2,4,5,6,2019-03-25,Memphis
D. Burton,8,2,0.333,0,NaN,3,1,0,0,+13,1,3,0,2,0,0,2019-03-25,Memphis
P. George,39,31,0.48,0.308,1,4,1,1,0,+17,12,25,4,13,3,3,2019-03-27,Indiana
J. Grant,37,19,0.438,0.625,NaN,7,4,1,3,+11,7,16,5,8,0,0,2019-03-27,Indiana
S. Adams,35,25,0.786,NaN,0.5,12,3,2,1,+13,11,14,0,0,3,6,2019-03-27,Indiana
R. Westbrook,37,17,0.4,0.5,0.75,11,12,2,1,+8,6,15,2,4,3,4,2019-03-27,Indiana
T. Ferguson,38,5,0.222,0.2,NaN,3,2,0,1,+18,2,9,1,5,0,0,2019-03-27,Indiana
N. Noel,13,4,1,NaN,0,2,0,0,1,-5,2,2,0,0,0,2,2019-03-27,Indiana
M. Morris,7,0,0,0,NaN,1,3,0,0,-3,0,2,0,2,0,0,2019-03-27,Indiana
A. Nader,13,3,0.5,0.5,NaN,2,1,0,0,-11,1,2,1,2,0,0,2019-03-27,Indiana
D. Schroder,21,3,0,0,0.75,2,3,1,0,-8,0,7,0,2,3,4,2019-03-27,Indiana
P. George,40,25,0.455,0.286,0.6,9,4,0,0,-7,10,22,2,7,3,5,2019-03-29,Denver
J. Grant,32,10,0.375,0.5,1,2,0,0,2,-4,3,8,2,4,2,2,2019-03-29,Denver
S. Adams,35,16,0.667,NaN,0,5,2,0,1,+2,8,12,0,0,0,1,2019-03-29,Denver
R. Westbrook,36,27,0.5,0.2,0.8,9,9,2,0,-1,11,22,1,5,4,5,2019-03-29,Denver
T. Ferguson,31,2,0,0,1,0,1,1,0,-12,0,1,0,1,2,2,2019-03-29,Denver
N. Noel,13,8,1,NaN,0,7,0,0,2,-12,4,4,0,0,0,1,2019-03-29,Denver
M. Morris,15,3,0.2,0.25,NaN,1,1,2,0,-6,1,5,1,4,0,0,2019-03-29,Denver
A. Nader,12,5,0.5,0.333,NaN,1,0,0,0,-3,2,4,1,3,0,0,2019-03-29,Denver
D. Schroder,25,9,0.444,0.5,NaN,1,2,0,0,-7,4,9,1,2,0,0,2019-03-29,Denver
P. George,39,27,0.4,0.417,0.857,11,2,2,1,+13,8,20,5,12,6,7,2019-03-31,Dallas
J. Grant,33,14,0.375,0.25,NaN,3,0,1,1,-8,6,16,2,8,0,0,2019-03-31,Dallas
S. Adams,39,20,0.588,0,0,15,2,0,2,+10,10,17,0,1,0,3,2019-03-31,Dallas
R. Westbrook,38,25,0.474,0.375,1,11,11,2,0,-3,9,19,3,8,4,4,2019-03-31,Dallas
T. Ferguson,20,3,0,0,0.75,1,0,0,0,-22,0,2,0,2,3,4,2019-03-31,Dallas
N. Noel,9,0,0,NaN,NaN,2,0,0,1,-13,0,1,0,0,0,0,2019-03-31,Dallas
M. Morris,11,4,0.167,0,1,1,0,0,0,+0,1,6,0,3,2,2,2019-03-31,Dallas
A. Nader,7,0,0,0,NaN,0,0,1,0,+4,0,3,0,2,0,0,2019-03-31,Dallas
R. Felton,11,2,0.333,0,NaN,1,0,0,0,+5,1,3,0,1,0,0,2019-03-31,Dallas
D. Schroder,34,8,0.273,0.167,0.5,4,4,0,1,-1,3,11,1,6,1,2,2019-03-31,Dallas
P. George,38,19,0.471,0.375,NaN,6,5,5,1,+14,8,17,3,8,0,0,2019-04-02,LosAngeles
J. Grant,35,22,0.533,0.4,0.667,5,1,1,0,+28,8,15,4,10,2,3,2019-04-02,LosAngeles
S. Adams,33,13,0.545,NaN,0.143,8,3,1,5,+26,6,11,0,0,1,7,2019-04-02,LosAngeles
R. Westbrook,37,20,0.348,0.222,0.667,20,21,3,0,+24,8,23,2,9,2,3,2019-04-02,LosAngeles
T. Ferguson,22,15,0.556,0.429,1,2,0,1,0,+5,5,9,3,7,2,2,2019-04-02,LosAngeles
N. Noel,15,7,0.75,NaN,1,3,1,0,1,-10,3,4,0,0,1,1,2019-04-02,LosAngeles
M. Morris,11,4,0.5,NaN,NaN,2,0,2,0,-11,2,4,0,0,0,0,2019-04-02,LosAngeles
A. Nader,6,2,0.5,0,NaN,0,0,0,0,-3,1,2,0,1,0,0,2019-04-02,LosAngeles
R. Felton,13,2,0.25,0,NaN,0,1,1,0,-6,1,4,0,3,0,0,2019-04-02,LosAngeles
D. Schroder,29,15,0.417,0.167,1,4,1,1,0,+13,5,12,1,6,4,4,2019-04-02,LosAngeles
H. Diallo,1,0,NaN,NaN,NaN,0,0,0,0,+0,0,0,0,0,0,0,2019-04-02,LosAngeles
D. Burton,1,0,0,NaN,NaN,0,0,0,0,+0,0,1,0,0,0,0,2019-04-02,LosAngeles
P. George,36,30,0.458,0.571,1,8,4,2,0,+5,11,24,4,7,4,4,2019-04-05,Detroit
J. Grant,34,19,0.5,0.375,0,7,0,0,0,+3,8,16,3,8,0,2,2019-04-05,Detroit
S. Adams,24,14,0.778,NaN,NaN,14,0,0,2,+1,7,9,0,0,0,0,2019-04-05,Detroit
R. Westbrook,35,19,0.333,0.25,0.6,8,15,1,0,+4,6,18,1,4,6,10,2019-04-05,Detroit
T. Ferguson,28,2,1,NaN,NaN,4,0,0,0,-2,1,1,0,0,0,0,2019-04-05,Detroit
N. Noel,16,6,1,NaN,1,4,0,4,2,+12,2,2,0,0,2,2,2019-04-05,Detroit
P. Patterson,4,0,0,0,NaN,1,0,0,0,+3,0,1,0,1,0,0,2019-04-05,Detroit
M. Morris,17,12,0.417,0.5,1,5,1,0,0,+6,5,12,1,2,1,1,2019-04-05,Detroit
A. Nader,1,0,NaN,NaN,NaN,0,0,0,0,+1,0,0,0,0,0,0,2019-04-05,Detroit
R. Felton,12,6,0.5,1,NaN,1,0,1,0,+8,2,4,2,2,0,0,2019-04-05,Detroit
D. Schroder,31,14,0.429,0.2,1,7,10,1,0,+22,6,14,1,5,1,1,2019-04-05,Detroit
H. Diallo,1,0,NaN,NaN,NaN,0,0,1,0,+1,0,0,0,0,0,0,2019-04-05,Detroit
D. Burton,1,1,NaN,NaN,0.5,0,0,0,0,+1,0,0,0,0,1,2,2019-04-05,Detroit
P. George,38,27,0.364,0.308,1,7,6,3,0,+11,8,22,4,13,7,7,2019-04-07,Minnesota
J. Grant,30,15,0.714,0.667,0.75,5,0,0,2,+0,5,7,2,3,3,4,2019-04-07,Minnesota
S. Adams,27,8,0.8,NaN,NaN,6,1,1,0,+31,4,5,0,0,0,0,2019-04-07,Minnesota
R. Westbrook,38,27,0.455,0.333,0.714,10,15,1,0,-1,10,22,2,6,5,7,2019-04-07,Minnesota
T. Ferguson,26,11,0.8,0.667,0.5,4,2,0,0,+0,4,5,2,3,1,2,2019-04-07,Minnesota
N. Noel,12,6,1,NaN,1,3,1,0,2,-14,2,2,0,0,2,2,2019-04-07,Minnesota
P. Patterson,2,0,NaN,NaN,NaN,1,0,0,0,-7,0,0,0,0,0,0,2019-04-07,Minnesota
M. Morris,24,14,0.5,0.4,NaN,6,0,0,0,+2,6,12,2,5,0,0,2019-04-07,Minnesota
R. Felton,10,3,0.5,1,NaN,2,1,0,0,+7,1,2,1,1,0,0,2019-04-07,Minnesota
D. Schroder,32,21,0.533,0.333,1,2,1,1,0,+1,8,15,1,3,4,4,2019-04-07,Minnesota
P. George,42,27,0.36,0.286,0.833,9,3,4,0,+9,9,25,4,14,5,6,2019-04-09,Houston
J. Grant,36,10,0.3,0.333,1,5,1,1,1,-6,3,10,2,6,2,2,2019-04-09,Houston
S. Adams,37,8,0.273,NaN,0.5,13,1,0,0,+2,3,11,0,0,2,4,2019-04-09,Houston
R. Westbrook,37,29,0.478,0.4,1,12,10,0,0,+3,11,23,4,10,3,3,2019-04-09,Houston
T. Ferguson,26,16,0.6,0.5,1,3,1,0,0,-8,6,10,3,6,1,1,2019-04-09,Houston
N. Noel,11,4,0.667,NaN,NaN,2,0,0,1,-1,2,3,0,0,0,0,2019-04-09,Houston
M. Morris,12,5,0.667,NaN,0.5,7,1,0,0,+7,2,3,0,0,1,2,2019-04-09,Houston
R. Felton,10,3,0.333,1,NaN,0,2,0,0,+0,1,3,1,1,0,0,2019-04-09,Houston
D. Schroder,29,10,0.375,0.5,1,5,1,0,0,-1,3,8,2,4,2,2,2019-04-09,Houston
J. Grant,43,28,0.55,0.5,1,5,1,0,0,+11,11,20,4,8,2,2,2019-04-10,Milwaukee
S. Adams,12,4,0.2,NaN,0.5,2,0,0,1,-1,1,5,0,0,2,4,2019-04-10,Milwaukee
R. Westbrook,36,15,0.7,0.333,0,11,17,1,1,+6,7,10,1,3,0,2,2019-04-10,Milwaukee
D. Schroder,40,32,0.476,0.533,1,5,3,4,0,+14,10,21,8,15,4,4,2019-04-10,Milwaukee
T. Ferguson,33,11,0.4,0.333,NaN,6,5,0,0,+4,4,10,3,9,0,0,2019-04-10,Milwaukee
N. Noel,10,2,0.333,NaN,NaN,2,2,1,1,+3,1,3,0,0,0,0,2019-04-10,Milwaukee
M. Morris,26,12,0.556,0.5,NaN,10,3,0,0,+13,5,9,2,4,0,0,2019-04-10,Milwaukee
A. Nader,14,11,0.417,0.167,0,8,2,1,0,+6,5,12,1,6,0,1,2019-04-10,Milwaukee
R. Felton,24,12,0.5,0.5,NaN,4,7,0,0,-1,4,8,4,8,0,0,2019-04-10,Milwaukee
J. Evans,1,0,0,0,NaN,0,0,0,0,+0,0,1,0,1,0,0,2019-04-10,Milwaukee
D. Burton,1,0,NaN,NaN,NaN,0,0,0,0,+0,0,0,0,0,0,0,2019-04-10,Milwaukee
